id_pedido,data,cliente_id,categoria,valor_venda,custo_produto,regiao,lucro,ano,mes
1011,2025-08-16,5400,Eletrônicos,203.66,138.7829703281716,Oeste,64.87702967182841,2025,8
1012,2025-08-27,5247,Moda,203.43,133.045998023462,Norte,70.384001976538,2025,8
1013,2025-01-27,5245,Moda,274.2,184.89630436312632,Leste,89.30369563687367,2025,1
1014,2025-12-07,5199,Esportes,58.67,41.75606090955216,Centro-Oeste,16.91393909044784,2025,12
1015,2025-10-26,5422,Beleza,77.51,65.18581901582624,Oeste,12.324180984173765,2025,10
1016,2025-07-25,5121,Esportes,193.77,127.25155391731325,Sul,66.51844608268676,2025,7
1017,2025-12-17,5430,Moda,148.72,95.97490998192777,Leste,52.74509001807223,2025,12
1018,2025-04-18,5237,Moda,281.42,176.4325708297284,Leste,104.98742917027161,2025,4
1019,2025-07-25,5197,Moda,159.2,103.9182634590284,Oeste,55.28173654097159,2025,7
1020,2025-06-15,5376,Beleza,108.77,77.38282973200958,Centro-Oeste,31.387170267990413,2025,6
1021,2025-11-27,5288,Eletrônicos,396.56,250.55017744017744,Oeste,146.00982255982257,2025,11
1022,2025-02-15,5456,Beleza,227.42,143.5834999803071,Sul,83.83650001969289,2025,2
1023,2025-10-18,5087,Casa,256.75,163.92822703869507,Norte,92.82177296130493,2025,10
1024,2025-10-02,5004,Moda,107.53,85.22935179305932,Sul,22.30064820694068,2025,10
1025,2025-11-30,5119,Casa,195.56,135.97371585050357,Oeste,59.586284149496436,2025,11
1026,2025-06-21,5349,Eletrônicos,261.09,168.83561834837013,Sul,92.25438165162984,2025,6
1027,2025-10-05,5094,Esportes,134.9,91.130017390841,Sul,43.769982609159,2025,10
1028,2025-02-28,5459,Esportes,287.57,183.1421566335913,Leste,104.4278433664087,2025,2
1029,2025-08-26,5105,Beleza,189.94,127.03158986365209,Norte,62.90841013634791,2025,8
1030,2025-07-08,5061,Eletrônicos,220.83,137.38403717400797,Norte,83.44596282599204,2025,7
1031,2025-06-28,5243,Eletrônicos,189.83,122.61111731288328,Oeste,67.21888268711673,2025,6
1032,2025-06-24,5323,Moda,435.23,262.795079630612,Leste,172.434920369388,2025,6
1033,2025-01-10,5326,Beleza,248.65,161.1861156130264,Sul,87.4638843869736,2025,1
1034,2025-05-07,5327,Eletrônicos,144.23,99.7739796985137,Sul,44.45602030148629,2025,5
1035,2025-08-22,5464,Esportes,332.25,206.93406768850312,Norte,125.31593231149688,2025,8
1036,2025-03-21,5058,Beleza,127.92,94.62193381645017,Oeste,33.298066183549835,2025,3
1037,2025-01-16,5244,Eletrônicos,270.89,166.4051716849883,Norte,104.4848283150117,2025,1
1038,2025-07-30,5468,Esportes,54.03,35.0961255989509,Norte,18.933874401049103,2025,7
1039,2025-07-03,5284,Beleza,117.18,81.43025909279987,Sul,35.749740907200135,2025,7
1040,2025-01-18,5060,Esportes,269.69,177.04949151306076,Sul,92.64050848693924,2025,1
1041,2025-09-17,5132,Eletrônicos,323.85,212.72963845728933,Oeste,111.1203615427107,2025,9
1042,2025-07-24,5239,Esportes,267.14,167.9895786856553,Sul,99.1504213143447,2025,7
1043,2025-06-18,5160,Esportes,238.44,158.45740416715648,Centro-Oeste,79.98259583284351,2025,6
1044,2025-08-12,5400,Esportes,219.89,141.74145765249645,Norte,78.14854234750354,2025,8
1045,2025-06-12,5444,Esportes,102.15,70.4268635002959,Oeste,31.72313649970411,2025,6
1046,2025-01-11,5411,Eletrônicos,178.02,121.23029968743336,Centro-Oeste,56.78970031256665,2025,1
1047,2025-03-20,5235,Moda,203.94,135.6256143920671,Norte,68.3143856079329,2025,3
1048,2025-07-03,5228,Moda,355.71,215.54403921507875,Norte,140.16596078492123,2025,7
1049,2025-11-03,5090,Esportes,284.36,187.9987017486295,Oeste,96.36129825137053,2025,11
1050,2025-07-30,5128,Casa,73.7,61.120456770737256,Leste,12.579543229262747,2025,7
1051,2025-11-21,5066,Casa,282.41,176.31818649245236,Norte,106.09181350754767,2025,11
1052,2025-03-05,5078,Beleza,211.49,138.87301766718704,Centro-Oeste,72.61698233281297,2025,3
1053,2025-11-09,5400,Casa,182.31,121.8561509314137,Leste,60.45384906858631,2025,11
1054,2025-07-20,5381,Moda,311.17,198.00536882911956,Oeste,113.16463117088045,2025,7
1055,2025-08-03,5058,Esportes,353.1,219.1084742307729,Centro-Oeste,133.9915257692271,2025,8
1056,2025-04-17,5058,Eletrônicos,343.13,212.5198831603097,Leste,130.6101168396903,2025,4
1057,2025-07-10,5334,Casa,166.08,109.5202296450428,Leste,56.55977035495721,2025,7
1058,2025-07-29,5209,Beleza,219.08,147.31164509629684,Centro-Oeste,71.76835490370317,2025,7
1059,2025-12-07,5181,Moda,283.13,182.59600077297216,Norte,100.53399922702783,2025,12
1060,2025-03-21,5011,Beleza,347.55,216.67692833956949,Norte,130.87307166043053,2025,3
1061,2025-07-28,5381,Eletrônicos,202.08,135.10649355324173,Oeste,66.97350644675828,2025,7
1062,2025-07-02,5472,Esportes,231.43,134.61528689684965,Sul,96.81471310315035,2025,7
1063,2025-10-16,5286,Casa,139.37,99.36582850186052,Centro-Oeste,40.004171498139485,2025,10
1064,2025-01-05,5411,Beleza,130.38,79.5294311061095,Centro-Oeste,50.8505688938905,2025,1
1065,2025-09-20,5488,Esportes,331.25,206.93779529298436,Sul,124.31220470701564,2025,9
1066,2025-10-20,5119,Esportes,385.62,235.7736505268693,Leste,149.84634947313072,2025,10
1067,2025-02-22,5441,Casa,242.8,149.2065926213955,Centro-Oeste,93.59340737860452,2025,2
1068,2025-04-17,5105,Esportes,350.35,226.01413393689265,Oeste,124.33586606310737,2025,4
1069,2025-05-27,5122,Casa,286.16,179.35749399344053,Centro-Oeste,106.8025060065595,2025,5
1070,2025-10-30,5361,Casa,185.49,123.02651940865356,Norte,62.46348059134645,2025,10
1071,2025-04-18,5279,Moda,286.14,181.44939710560408,Sul,104.69060289439591,2025,4
1072,2025-11-21,5158,Moda,403.8,254.6652041361156,Oeste,149.13479586388442,2025,11
1073,2025-07-25,5267,Beleza,246.42,158.23610945530126,Centro-Oeste,88.18389054469873,2025,7
1074,2025-05-16,5288,Beleza,406.46,247.46103887905716,Centro-Oeste,158.99896112094282,2025,5
1076,2025-04-28,5346,Beleza,332.19,206.84521708419345,Oeste,125.34478291580655,2025,4
1077,2025-09-06,5496,Casa,258.7,157.43709050670125,Leste,101.26290949329874,2025,9
1078,2025-11-08,5296,Beleza,220.1,139.91942419517045,Oeste,80.18057580482954,2025,11
1079,2025-03-10,5361,Esportes,259.18,173.01179895317156,Centro-Oeste,86.16820104682844,2025,3
1080,2025-03-04,5305,Casa,51.24,44.995108710567465,Sul,6.2448912894325375,2025,3
1081,2025-01-03,5185,Beleza,228.03,145.07473932796069,Centro-Oeste,82.95526067203932,2025,1
1082,2025-04-30,5229,Eletrônicos,285.71,179.67971147840785,Centro-Oeste,106.03028852159213,2025,4
1083,2025-05-29,5235,Moda,397.79,247.06582474391308,Norte,150.72417525608694,2025,5
1084,2025-07-05,5310,Eletrônicos,198.17,139.2857399178042,Norte,58.884260082195794,2025,7
1085,2025-07-12,5376,Casa,169.15,113.39967726115776,Norte,55.75032273884224,2025,7
1086,2025-02-10,5135,Casa,199.82,132.04220823595534,Leste,67.77779176404465,2025,2
1087,2025-05-27,5486,Esportes,341.54,220.0754172701592,Norte,121.46458272984083,2025,5
1088,2025-02-23,5338,Esportes,282.88,180.92194579513256,Sul,101.95805420486744,2025,2
1089,2025-04-10,5051,Eletrônicos,197.02,126.91678927089649,Leste,70.10321072910352,2025,4
1090,2025-11-09,5371,Moda,301.33,189.8162507545751,Centro-Oeste,111.51374924542489,2025,11
1091,2025-06-05,5215,Moda,259.71,165.46799370292968,Oeste,94.2420062970703,2025,6
1092,2025-11-03,5233,Casa,346.86,217.9298888174508,Leste,128.9301111825492,2025,11
1093,2025-01-25,5479,Casa,179.79,121.51214771818488,Sul,58.277852281815115,2025,1
1094,2025-07-25,5237,Esportes,217.23,140.5977294290365,Norte,76.6322705709635,2025,7
1095,2025-07-08,5316,Casa,210.79,140.1372003860779,Oeste,70.6527996139221,2025,7
1096,2025-06-07,5470,Beleza,103.65,71.78641709945708,Sul,31.863582900542923,2025,6
1097,2025-02-16,5329,Beleza,279.61,178.15917595158044,Leste,101.45082404841958,2025,2
1098,2025-12-29,5112,Moda,276.11,165.67499657733947,Oeste,110.43500342266054,2025,12
1099,2025-07-29,5251,Moda,250.51,164.8876383735124,Oeste,85.62236162648759,2025,7
1100,2025-02-18,5430,Casa,226.54,147.65644237948993,Sul,78.88355762051006,2025,2
1101,2025-12-27,5172,Beleza,108.46,80.06605054929825,Norte,28.39394945070174,2025,12
1102,2025-06-04,5264,Casa,207.94,120.28272310903156,Centro-Oeste,87.65727689096843,2025,6
1103,2025-09-17,5432,Casa,215.73,149.87987352390363,Sul,65.85012647609636,2025,9
1104,2025-02-11,5121,Esportes,169.77,111.16405185922414,Centro-Oeste,58.605948140775865,2025,2
1105,2025-04-14,5216,Casa,233.87,155.8629140836876,Oeste,78.0070859163124,2025,4
1106,2025-02-23,5238,Esportes,290.41,179.04647036437237,Oeste,111.36352963562766,2025,2
1107,2025-07-14,5066,Eletrônicos,438.62,276.2358695253128,Sul,162.3841304746872,2025,7
1108,2025-02-02,5007,Esportes,267.46,165.2089221841317,Leste,102.25107781586829,2025,2
1109,2025-12-18,5467,Moda,275.76,172.33715519652097,Centro-Oeste,103.42284480347902,2025,12
1110,2025-09-02,5348,Esportes,242.56,165.10615676933392,Norte,77.45384323066608,2025,9
1111,2025-03-24,5183,Moda,58.12,43.91858799618326,Sul,14.201412003816735,2025,3
1112,2025-10-09,5315,Moda,247.35,159.4971643658986,Centro-Oeste,87.85283563410138,2025,10
1113,2025-10-26,5270,Eletrônicos,256.02,167.96233865344377,Oeste,88.05766134655622,2025,10
1114,2025-05-02,5482,Beleza,496.32,310.270409439863,Norte,186.049590560137,2025,5
1115,2025-06-08,5464,Eletrônicos,230.76,149.20809452571788,Norte,81.55190547428211,2025,6
1116,2025-04-09,5481,Casa,280.15,179.9148050123311,Leste,100.23519498766888,2025,4
1117,2025-05-17,5367,Casa,246.53,169.93507792619138,Leste,76.59492207380862,2025,5
1118,2025-12-26,5253,Moda,133.13,89.58990601483207,Norte,43.54009398516793,2025,12
1119,2025-09-01,5283,Beleza,364.28,229.5734952335748,Norte,134.70650476642518,2025,9
1120,2025-03-16,5408,Esportes,325.19,210.36727198003803,Sul,114.82272801996197,2025,3
1121,2025-07-02,5191,Moda,329.1,212.98762966478992,Leste,116.1123703352101,2025,7
1122,2025-09-08,5350,Moda,159.06,111.3711515278019,Leste,47.6888484721981,2025,9
1123,2025-12-30,5086,Moda,390.28,247.3616511101459,Norte,142.91834888985406,2025,12
1124,2025-05-18,5449,Esportes,109.81,70.17097543634758,Norte,39.63902456365243,2025,5
1125,2025-04-13,5087,Eletrônicos,308.69,203.38115766150548,Sul,105.30884233849451,2025,4
1126,2025-03-19,5248,Casa,469.05,285.6982730349065,Oeste,183.35172696509352,2025,3
1127,2025-01-04,5056,Beleza,150.95,102.08317732619516,Oeste,48.86682267380483,2025,1
1128,2025-02-20,5417,Beleza,193.37,122.2506207499032,Norte,71.1193792500968,2025,2
1129,2025-05-15,5489,Casa,259.97,165.66130826703505,Centro-Oeste,94.30869173296497,2025,5
1130,2025-12-20,5304,Casa,199.65,131.4338120515174,Leste,68.2161879484826,2025,12
1131,2025-08-05,5150,Casa,94.93,68.56478607725137,Leste,26.365213922748637,2025,8
1132,2025-12-10,5165,Esportes,256.86,166.22560377117645,Oeste,90.63439622882356,2025,12
1133,2025-10-05,5239,Esportes,143.77,104.33055634529325,Norte,39.439443654706764,2025,10
1134,2025-05-25,5026,Beleza,297.36,190.6836715075699,Sul,106.67632849243012,2025,5
1135,2025-03-09,5112,Eletrônicos,158.06,103.61521682354676,Centro-Oeste,54.44478317645324,2025,3
1136,2025-03-16,5050,Eletrônicos,404.99,257.81443584144176,Oeste,147.17556415855825,2025,3
1137,2025-09-01,5056,Esportes,171.67,118.9493524446232,Norte,52.720647555376786,2025,9
1138,2025-04-24,5207,Beleza,217.79,134.53596092431502,Centro-Oeste,83.25403907568497,2025,4
1139,2025-04-03,5040,Eletrônicos,331.35,211.7970003492493,Sul,119.55299965075073,2025,4
1140,2025-08-17,5428,Esportes,126.91,89.6518637115545,Leste,37.2581362884455,2025,8
1141,2025-10-26,5016,Esportes,272.75,172.16218248320004,Leste,100.58781751679996,2025,10
1142,2025-05-16,5193,Casa,380.71,245.3045340665581,Leste,135.4054659334419,2025,5
1143,2025-12-07,5102,Eletrônicos,89.25,62.79972206483736,Sul,26.45027793516264,2025,12
1144,2025-03-29,5190,Eletrônicos,268.46,171.7038822673577,Sul,96.75611773264228,2025,3
1145,2025-07-06,5374,Moda,275.99,174.72864087858065,Sul,101.26135912141936,2025,7
1146,2025-06-28,5385,Beleza,328.18,206.98589523790733,Sul,121.19410476209268,2025,6
1147,2025-05-28,5028,Eletrônicos,126.3,80.298624565524,Centro-Oeste,46.001375434476,2025,5
1148,2025-10-28,5277,Esportes,117.95,73.56974558702852,Norte,44.38025441297148,2025,10
1149,2025-01-14,5403,Beleza,302.19,199.28652531612485,Leste,102.90347468387515,2025,1
1150,2025-01-29,5231,Eletrônicos,279.7,173.58519325840837,Oeste,106.11480674159162,2025,1
1151,2025-11-21,5261,Moda,275.05,170.07303825271848,Norte,104.97696174728154,2025,11
1152,2025-04-23,5328,Casa,284.64,170.0170494319814,Sul,114.62295056801858,2025,4
1153,2025-06-20,5397,Casa,182.0,116.0051912615525,Norte,65.9948087384475,2025,6
1154,2025-09-28,5182,Casa,273.23,167.32255103296254,Sul,105.90744896703748,2025,9
1155,2025-07-14,5435,Esportes,279.31,185.79607580068185,Norte,93.51392419931815,2025,7
1156,2025-06-11,5168,Eletrônicos,178.56,122.18508544671316,Oeste,56.37491455328684,2025,6
1157,2025-03-19,5000,Esportes,436.58,268.50724827411136,Leste,168.07275172588862,2025,3
1158,2025-01-24,5189,Esportes,297.38,199.69017902672155,Norte,97.68982097327844,2025,1
1159,2025-03-02,5035,Eletrônicos,130.87,93.43082743495798,Oeste,37.43917256504203,2025,3
1160,2025-03-11,5298,Eletrônicos,315.66,197.7718430824569,Oeste,117.88815691754311,2025,3
1161,2025-12-23,5406,Casa,152.53,89.02097142563214,Sul,63.50902857436786,2025,12
1162,2025-08-05,5263,Beleza,328.71,218.68071286295367,Leste,110.02928713704631,2025,8
1163,2025-01-04,5157,Esportes,365.86,222.568137666182,Leste,143.29186233381802,2025,1
1164,2025-12-10,5151,Esportes,167.93,102.53100626521554,Centro-Oeste,65.39899373478447,2025,12
1165,2025-12-30,5216,Esportes,346.34,222.91685216004817,Centro-Oeste,123.42314783995181,2025,12
1166,2025-08-12,5155,Moda,291.28,196.96676203169636,Sul,94.31323796830361,2025,8
1167,2025-09-10,5071,Esportes,332.21,216.24736409255257,Norte,115.9626359074474,2025,9
1168,2025-02-07,5381,Esportes,439.68,276.6275456002618,Leste,163.05245439973822,2025,2
1169,2025-03-08,5491,Eletrônicos,225.46,148.24977170832645,Centro-Oeste,77.21022829167356,2025,3
1170,2025-04-26,5490,Eletrônicos,174.63,119.04507779390153,Leste,55.58492220609847,2025,4
1171,2025-07-17,5130,Casa,161.05,110.42464294893384,Sul,50.625357051066175,2025,7
1172,2025-11-28,5382,Moda,168.42,112.45795711984688,Leste,55.962042880153106,2025,11
1173,2025-07-09,5287,Moda,242.29,155.89500551975937,Norte,86.39499448024063,2025,7
1174,2025-04-06,5439,Casa,284.12,180.1590343605024,Centro-Oeste,103.9609656394976,2025,4
1175,2025-09-26,5037,Eletrônicos,277.67,172.83217705566662,Oeste,104.8378229443334,2025,9
1176,2025-12-25,5318,Esportes,332.72,208.22862461566612,Sul,124.4913753843339,2025,12
1177,2025-11-06,5383,Casa,251.3,152.31521592902308,Norte,98.98478407097693,2025,11
1178,2025-07-04,5205,Esportes,395.35,246.71830186602625,Centro-Oeste,148.63169813397377,2025,7
1179,2025-04-30,5002,Eletrônicos,223.53,139.17504446424542,Oeste,84.35495553575458,2025,4
1180,2025-11-20,5081,Esportes,522.02,317.69405341392115,Sul,204.32594658607883,2025,11
1181,2025-10-05,5411,Eletrônicos,312.57,198.4414707557674,Centro-Oeste,114.1285292442326,2025,10
1182,2025-05-25,5052,Eletrônicos,164.28,115.528011431723,Sul,48.751988568277,2025,5
1183,2025-10-23,5022,Esportes,142.91,100.33758303001156,Sul,42.57241696998844,2025,10
1184,2025-11-10,5016,Esportes,298.25,181.0974969818841,Oeste,117.15250301811591,2025,11
1185,2025-10-18,5239,Beleza,227.65,141.64185931714832,Centro-Oeste,86.00814068285169,2025,10
1186,2025-11-20,5098,Esportes,321.4,207.54385593994107,Centro-Oeste,113.85614406005891,2025,11
1187,2025-05-03,5008,Moda,297.32,183.47956303230845,Sul,113.84043696769155,2025,5
1188,2025-02-16,5160,Eletrônicos,242.72,154.50883425001487,Oeste,88.21116574998513,2025,2
1189,2025-08-19,5009,Esportes,165.32,111.94226049512277,Centro-Oeste,53.377739504877226,2025,8
1190,2025-08-10,5051,Casa,98.52,64.27027772568182,Sul,34.249722274318174,2025,8
1191,2025-11-06,5455,Casa,205.35,133.7368775307298,Oeste,71.6131224692702,2025,11
1192,2025-08-19,5158,Beleza,335.64,204.71387252540896,Oeste,130.92612747459103,2025,8
1193,2025-07-22,5077,Casa,271.41,169.83916178024393,Centro-Oeste,101.5708382197561,2025,7
1194,2025-11-14,5418,Casa,125.43,86.85690967071268,Leste,38.573090329287325,2025,11
1195,2025-07-11,5266,Esportes,267.32,162.42703133234164,Sul,104.89296866765835,2025,7
1196,2025-11-30,5325,Moda,288.53,185.32037368980195,Centro-Oeste,103.20962631019802,2025,11
1197,2025-03-11,5378,Beleza,161.61,106.8678110053666,Sul,54.74218899463341,2025,3
1198,2025-10-11,5226,Esportes,265.37,171.98444977208575,Centro-Oeste,93.38555022791425,2025,10
1199,2025-09-20,5264,Eletrônicos,255.82,164.6115706703233,Centro-Oeste,91.2084293296767,2025,9
1200,2025-04-02,5499,Beleza,135.7,98.2407021498692,Norte,37.459297850130795,2025,4
1201,2025-09-21,5148,Eletrônicos,285.78,182.09412251323957,Sul,103.6858774867604,2025,9
1202,2025-07-27,5166,Moda,306.08,191.50097229437367,Centro-Oeste,114.57902770562632,2025,7
1203,2025-11-28,5038,Esportes,358.31,225.59748751516145,Norte,132.71251248483856,2025,11
1204,2025-01-01,5495,Beleza,355.38,225.94449014518196,Norte,129.43550985481804,2025,1
1205,2025-04-05,5309,Casa,112.23,77.58230035162852,Norte,34.647699648371486,2025,4
1206,2025-02-22,5037,Moda,156.22,103.93495845601942,Oeste,52.28504154398058,2025,2
1207,2025-03-16,5303,Beleza,301.5,187.39004156096624,Oeste,114.10995843903376,2025,3
1208,2025-04-11,5039,Esportes,301.38,187.51349541224528,Sul,113.86650458775472,2025,4
1209,2025-01-31,5061,Beleza,301.5,183.88697364100156,Centro-Oeste,117.61302635899844,2025,1
1210,2025-11-05,5443,Esportes,635.27,399.90988371593465,Oeste,235.36011628406533,2025,11
1211,2025-10-17,5032,Esportes,307.09,188.0346838230436,Centro-Oeste,119.05531617695638,2025,10
1212,2025-08-09,5157,Esportes,363.56,224.67147401102045,Oeste,138.88852598897955,2025,8
1213,2025-01-13,5490,Beleza,345.4,213.647963672154,Leste,131.75203632784599,2025,1
1214,2025-06-30,5217,Casa,315.14,203.55862188472216,Centro-Oeste,111.58137811527783,2025,6
1215,2025-11-15,5390,Beleza,218.47,139.60725160853983,Centro-Oeste,78.86274839146017,2025,11
1216,2025-01-11,5092,Casa,325.9,211.77871036336865,Oeste,114.12128963663133,2025,1
1217,2025-01-28,5447,Esportes,172.72,110.26454687878064,Sul,62.455453121219364,2025,1
1218,2025-10-03,5177,Eletrônicos,226.32,147.186970811119,Norte,79.13302918888098,2025,10
1219,2025-10-23,5490,Eletrônicos,201.46,126.6992647337012,Sul,74.76073526629881,2025,10
1220,2025-03-23,5335,Eletrônicos,258.19,175.63974563886694,Oeste,82.55025436113306,2025,3
1221,2025-02-26,5348,Beleza,481.47,292.94400790485247,Norte,188.52599209514756,2025,2
1222,2025-04-10,5407,Eletrônicos,63.27,49.51110355113514,Norte,13.75889644886486,2025,4
1223,2025-11-29,5037,Esportes,318.63,204.3468844046605,Leste,114.2831155953395,2025,11
1224,2025-01-14,5331,Eletrônicos,88.73,65.3069954872575,Norte,23.42300451274251,2025,1
1225,2025-06-18,5404,Moda,202.81,130.75956170561145,Oeste,72.05043829438856,2025,6
1226,2025-05-14,5152,Casa,358.9,224.69089650133284,Sul,134.20910349866713,2025,5
1227,2025-11-06,5348,Beleza,256.43,164.07705735989555,Leste,92.35294264010446,2025,11
1228,2025-10-03,5169,Casa,142.23,94.60298999185756,Sul,47.627010008142435,2025,10
1229,2025-01-25,5011,Moda,178.47,121.90139558397456,Centro-Oeste,56.56860441602544,2025,1
1230,2025-12-01,5366,Beleza,317.96,211.82861500795676,Norte,106.13138499204322,2025,12
1231,2025-01-25,5092,Esportes,176.96,113.38854107496084,Leste,63.57145892503917,2025,1
1232,2025-02-04,5086,Beleza,271.65,166.1409851021046,Sul,105.50901489789538,2025,2
1233,2025-04-17,5404,Esportes,254.56,162.29458975824372,Sul,92.26541024175629,2025,4
1234,2025-01-03,5471,Moda,184.84,133.8025466882716,Leste,51.0374533117284,2025,1
1235,2025-10-30,5294,Casa,464.39,284.6156271601513,Sul,179.7743728398487,2025,10
1236,2025-08-09,5338,Eletrônicos,313.39,206.22958402722037,Centro-Oeste,107.16041597277962,2025,8
1237,2025-08-04,5135,Casa,47.49,46.88250407038221,Sul,0.6074959296177909,2025,8
1238,2025-01-20,5215,Esportes,268.65,168.42205879146,Leste,100.22794120853999,2025,1
1239,2025-01-08,5219,Beleza,183.82,123.13691539592637,Leste,60.68308460407363,2025,1
1240,2025-01-31,5255,Casa,335.24,219.2859831156427,Oeste,115.95401688435732,2025,1
1241,2025-11-25,5076,Moda,170.75,110.55436129506256,Sul,60.19563870493744,2025,11
1242,2025-06-06,5019,Esportes,238.53,152.10009819948817,Oeste,86.42990180051183,2025,6
1243,2025-09-11,5212,Beleza,300.5,187.3915954302568,Sul,113.10840456974319,2025,9
1244,2025-03-07,5082,Esportes,336.58,206.87421634653563,Sul,129.70578365346435,2025,3
1245,2025-08-24,5194,Eletrônicos,129.97,84.73561227466996,Sul,45.23438772533004,2025,8
1246,2025-01-27,5339,Esportes,216.55,133.81029866618871,Sul,82.7397013338113,2025,1
1247,2025-07-17,5188,Beleza,202.51,131.67641734129612,Leste,70.83358265870388,2025,7
1248,2025-08-28,5492,Esportes,184.67,116.95213384470678,Leste,67.71786615529321,2025,8
1249,2025-07-10,5199,Beleza,426.55,267.0989295589537,Leste,159.45107044104628,2025,7
1250,2025-08-11,5298,Eletrônicos,290.5,176.52052176898184,Leste,113.97947823101816,2025,8
1251,2025-03-20,5347,Esportes,123.91,86.00040116107228,Sul,37.90959883892772,2025,3
1252,2025-07-01,5338,Beleza,341.79,219.24164480804464,Oeste,122.54835519195538,2025,7
1253,2025-12-17,5098,Moda,462.22,277.3633217871427,Sul,184.85667821285733,2025,12
1254,2025-06-21,5171,Beleza,353.25,223.82028284923783,Sul,129.42971715076217,2025,6
1255,2025-11-07,5189,Eletrônicos,98.06,74.97434496236646,Oeste,23.085655037633543,2025,11
1256,2025-02-01,5418,Moda,201.58,124.89979490654396,Leste,76.68020509345605,2025,2
1257,2025-04-02,5029,Esportes,376.69,244.3768619341885,Norte,132.3131380658115,2025,4
1258,2025-04-12,5201,Eletrônicos,179.23,119.63309504683022,Oeste,59.59690495316977,2025,4
1259,2025-01-19,5114,Eletrônicos,294.38,183.10294072120797,Sul,111.27705927879202,2025,1
1260,2025-03-19,5171,Esportes,327.46,206.19715461171145,Norte,121.26284538828853,2025,3
1261,2025-07-11,5078,Casa,157.31,107.1776345626086,Sul,50.1323654373914,2025,7
1262,2025-07-04,5036,Esportes,244.05,156.81002695706206,Centro-Oeste,87.23997304293795,2025,7
1264,2025-09-18,5141,Eletrônicos,147.56,93.93263203460316,Leste,53.62736796539684,2025,9
1265,2025-05-10,5458,Esportes,224.74,145.6908041201804,Sul,79.04919587981962,2025,5
1266,2025-12-07,5259,Eletrônicos,125.22,78.06342751547508,Leste,47.156572484524915,2025,12
1267,2025-11-24,5122,Moda,413.24,257.3878696932565,Sul,155.8521303067435,2025,11
1268,2025-04-24,5143,Eletrônicos,106.99,69.67446179267604,Sul,37.315538207323954,2025,4
1269,2025-12-02,5250,Beleza,206.0,129.92235028705116,Leste,76.07764971294884,2025,12
1270,2025-03-04,5133,Beleza,263.07,174.02246587605217,Oeste,89.04753412394783,2025,3
1271,2025-11-20,5146,Beleza,394.13,251.9345506029713,Leste,142.19544939702868,2025,11
1272,2025-04-03,5394,Casa,106.41,76.89169060453588,Sul,29.518309395464115,2025,4
1273,2025-04-04,5341,Beleza,366.32,224.3304361766371,Leste,141.9895638233629,2025,4
1274,2025-07-11,5206,Casa,251.02,159.02995775152598,Centro-Oeste,91.99004224847403,2025,7
1275,2025-10-20,5400,Casa,151.85,107.17548849989592,Leste,44.674511500104074,2025,10
1276,2025-01-28,5200,Esportes,296.21,188.43458456819948,Norte,107.7754154318005,2025,1
1277,2025-11-03,5166,Moda,269.91,183.54264769990849,Leste,86.36735230009154,2025,11
1278,2025-01-29,5118,Moda,189.98,125.95458919697184,Leste,64.02541080302815,2025,1
1279,2025-09-05,5097,Beleza,256.98,165.1482455824502,Norte,91.83175441754983,2025,9
1280,2025-04-23,5495,Esportes,211.47,135.3364176789875,Oeste,76.13358232101251,2025,4
1281,2025-10-26,5449,Eletrônicos,261.35,167.47770452391143,Leste,93.8722954760886,2025,10
1282,2025-01-20,5495,Beleza,316.21,198.96365081809725,Leste,117.24634918190273,2025,1
1283,2025-02-09,5454,Eletrônicos,408.6,258.70054338344295,Norte,149.89945661655707,2025,2
1284,2025-11-25,5409,Casa,126.22,90.51551158397292,Centro-Oeste,35.704488416027075,2025,11
1285,2025-12-28,5007,Beleza,463.3,284.0500526974603,Norte,179.24994730253974,2025,12
1286,2025-04-20,5204,Esportes,54.79,36.2178352322111,Norte,18.572164767788898,2025,4
1287,2025-10-04,5030,Moda,234.82,141.7109731344835,Leste,93.10902686551648,2025,10
1288,2025-12-31,5435,Esportes,308.83,197.8379566345627,Oeste,110.9920433654373,2025,12
1289,2025-08-23,5190,Eletrônicos,278.1,171.34316696913064,Leste,106.75683303086939,2025,8
1290,2025-01-10,5355,Eletrônicos,187.73,111.87354703523758,Centro-Oeste,75.85645296476241,2025,1
1291,2025-03-14,5330,Esportes,229.19,149.4568930226548,Oeste,79.73310697734519,2025,3
1292,2025-07-12,5182,Beleza,200.7,142.88499758716395,Leste,57.81500241283604,2025,7
1293,2025-09-13,5122,Casa,191.06,124.60564544230051,Centro-Oeste,66.45435455769949,2025,9
1294,2025-04-09,5018,Casa,334.96,215.16845387225817,Sul,119.79154612774181,2025,4
1295,2025-05-09,5081,Esportes,285.7,181.82914679273784,Leste,103.87085320726214,2025,5
1296,2025-03-23,5163,Eletrônicos,180.71,117.93155173404428,Leste,62.77844826595573,2025,3
1297,2025-11-10,5181,Eletrônicos,339.96,218.5713824149388,Sul,121.38861758506118,2025,11
1298,2025-12-28,5445,Casa,280.73,176.98662727905676,Leste,103.74337272094326,2025,12
1299,2025-09-14,5237,Casa,331.29,210.1109615703595,Norte,121.17903842964051,2025,9
1300,2025-11-28,5347,Beleza,312.96,199.3844890309801,Oeste,113.57551096901989,2025,11
1301,2025-10-08,5028,Eletrônicos,167.1,106.91954773178476,Norte,60.180452268215234,2025,10
1302,2025-08-16,5243,Beleza,193.98,131.3482117476826,Sul,62.63178825231739,2025,8
1303,2025-10-03,5208,Beleza,324.73,203.96320121652292,Sul,120.7667987834771,2025,10
1304,2025-10-06,5362,Esportes,311.04,192.84527420253576,Oeste,118.19472579746426,2025,10
1305,2025-07-12,5022,Eletrônicos,247.91,161.428549217852,Sul,86.48145078214799,2025,7
1306,2025-07-05,5212,Moda,261.73,162.54566009104482,Norte,99.1843399089552,2025,7
1307,2025-06-10,5383,Esportes,377.77,236.80290578684563,Sul,140.96709421315435,2025,6
1308,2025-11-14,5291,Casa,190.84,124.45840501677898,Sul,66.38159498322102,2025,11
1309,2025-05-19,5106,Eletrônicos,304.71,198.25547782915788,Centro-Oeste,106.4545221708421,2025,5
1310,2025-02-06,5439,Esportes,229.78,150.24149116439975,Centro-Oeste,79.53850883560025,2025,2
1311,2025-03-31,5387,Esportes,228.23,146.81286520627427,Norte,81.41713479372572,2025,3
1312,2025-01-23,5166,Beleza,359.88,230.01683149600143,Oeste,129.86316850399857,2025,1
1313,2025-03-13,5461,Esportes,332.54,216.47503774508655,Sul,116.06496225491347,2025,3
1314,2025-11-14,5341,Eletrônicos,331.35,211.5990515317593,Centro-Oeste,119.75094846824072,2025,11
1315,2025-07-07,5055,Casa,380.55,238.38176309921693,Centro-Oeste,142.16823690078309,2025,7
1316,2025-07-05,5493,Beleza,252.1,154.7008188382492,Leste,97.39918116175079,2025,7
1317,2025-06-29,5431,Beleza,318.2,195.59443168462312,Leste,122.60556831537687,2025,6
1318,2025-06-17,5263,Casa,218.97,139.85587647822666,Centro-Oeste,79.11412352177334,2025,6
1319,2025-10-01,5441,Eletrônicos,282.42,176.40443898920358,Oeste,106.01556101079643,2025,10
1320,2025-06-23,5350,Esportes,236.99,151.25914348507277,Sul,85.73085651492724,2025,6
1321,2025-05-08,5270,Beleza,259.7,166.10324962448553,Sul,93.59675037551446,2025,5
1322,2025-01-13,5329,Casa,309.52,198.36046377178369,Oeste,111.1595362282163,2025,1
1323,2025-02-23,5478,Casa,168.18,110.55550610970454,Oeste,57.62449389029547,2025,2
1324,2025-11-23,5052,Eletrônicos,459.24,287.976508219131,Oeste,171.263491780869,2025,11
1325,2025-01-05,5434,Eletrônicos,149.4,99.9623720740506,Norte,49.4376279259494,2025,1
1326,2025-09-15,5498,Eletrônicos,128.58,77.27066716823066,Sul,51.30933283176935,2025,9
1327,2025-06-10,5084,Esportes,365.81,224.78932303090625,Oeste,141.02067696909376,2025,6
1328,2025-04-14,5103,Esportes,329.17,206.78156222139197,Centro-Oeste,122.38843777860805,2025,4
1329,2025-08-02,5269,Beleza,312.41,191.39752628579447,Oeste,121.01247371420556,2025,8
1330,2025-08-05,5372,Casa,312.83,200.697643649981,Sul,112.132356350019,2025,8
1331,2025-12-19,5485,Casa,248.78,166.9217541617185,Centro-Oeste,81.8582458382815,2025,12
1332,2025-11-14,5430,Eletrônicos,160.27,112.2558092584866,Norte,48.01419074151342,2025,11
1333,2025-06-03,5211,Esportes,257.58,163.48078564534893,Sul,94.09921435465105,2025,6
1334,2025-07-20,5168,Beleza,182.28,126.82163068424975,Leste,55.45836931575025,2025,7
1335,2025-08-18,5263,Beleza,347.51,219.24933728601056,Sul,128.26066271398943,2025,8
1336,2025-04-11,5127,Eletrônicos,235.29,149.48857014440978,Norte,85.80142985559021,2025,4
1337,2025-01-02,5317,Eletrônicos,167.45,107.40298668229528,Centro-Oeste,60.04701331770471,2025,1
1338,2025-07-17,5226,Moda,217.86,139.20365156755938,Oeste,78.65634843244064,2025,7
1339,2025-08-11,5339,Beleza,291.29,182.83311590729383,Norte,108.45688409270619,2025,8
1340,2025-02-11,5284,Esportes,193.63,127.03008111187744,Oeste,66.59991888812256,2025,2
1341,2025-04-27,5464,Casa,167.78,111.47086990524932,Sul,56.309130094750685,2025,4
1342,2025-05-11,5262,Esportes,274.37,174.63723010076706,Norte,99.73276989923295,2025,5
1343,2025-01-19,5292,Esportes,274.5,176.88469084873174,Centro-Oeste,97.61530915126826,2025,1
1344,2025-10-26,5475,Beleza,199.31,135.5392313739317,Sul,63.7707686260683,2025,10
1345,2025-02-06,5106,Eletrônicos,202.9,136.4877706772066,Centro-Oeste,66.4122293227934,2025,2
1346,2025-02-25,5246,Esportes,273.2,166.49551015775046,Sul,106.70448984224953,2025,2
1347,2025-05-14,5416,Esportes,105.19,60.34439432549022,Oeste,44.84560567450978,2025,5
1348,2025-12-05,5466,Beleza,109.25,80.22159955619637,Sul,29.028400443803633,2025,12
1349,2025-10-09,5167,Casa,178.16,110.06160650792287,Leste,68.09839349207712,2025,10
1350,2025-07-05,5474,Eletrônicos,228.66,146.0721729905366,Oeste,82.58782700946341,2025,7
1351,2025-03-20,5187,Casa,281.09,172.80343486970318,Oeste,108.2865651302968,2025,3
1352,2025-03-28,5371,Moda,397.54,239.5140978120999,Centro-Oeste,158.02590218790013,2025,3
1353,2025-07-16,5229,Esportes,335.77,214.16931364102396,Leste,121.60068635897602,2025,7
1354,2025-12-27,5219,Eletrônicos,234.01,154.2017758015132,Centro-Oeste,79.80822419848678,2025,12
1355,2025-08-08,5161,Eletrônicos,248.1,155.97744799636638,Norte,92.12255200363361,2025,8
1356,2025-08-03,5179,Esportes,149.75,86.89478853927545,Oeste,62.85521146072455,2025,8
1357,2025-06-25,5190,Esportes,248.15,156.1587777587376,Leste,91.99122224126239,2025,6
1358,2025-08-13,5349,Esportes,221.13,144.63702002701274,Norte,76.49297997298726,2025,8
1359,2025-02-07,5359,Moda,282.27,171.96744215612935,Sul,110.30255784387063,2025,2
1360,2025-05-05,5493,Casa,167.28,111.28479959889576,Norte,55.99520040110424,2025,5
1361,2025-12-06,5242,Moda,301.93,191.081450754135,Sul,110.848549245865,2025,12
1362,2025-02-17,5039,Moda,403.27,254.85845749800544,Norte,148.41154250199455,2025,2
1363,2025-01-14,5304,Esportes,239.12,154.06990184207078,Sul,85.05009815792923,2025,1
1364,2025-06-23,5372,Casa,290.17,179.2366552955922,Sul,110.93334470440783,2025,6
1365,2025-11-13,5241,Esportes,319.01,207.38885750832245,Norte,111.62114249167755,2025,11
1366,2025-04-04,5142,Casa,209.88,135.13535213486514,Sul,74.74464786513485,2025,4
1367,2025-11-27,5089,Beleza,272.41,173.30947730245035,Leste,99.10052269754968,2025,11
1368,2025-06-11,5139,Beleza,251.26,156.089660204634,Centro-Oeste,95.170339795366,2025,6
1369,2025-03-21,5357,Eletrônicos,259.77,163.64558874404244,Oeste,96.12441125595754,2025,3
1370,2025-05-06,5323,Casa,172.7,109.19598642986548,Norte,63.504013570134504,2025,5
1371,2025-07-19,5063,Beleza,252.45,160.60526970038288,Oeste,91.84473029961711,2025,7
1372,2025-03-10,5037,Beleza,299.8,198.4385424007117,Sul,101.36145759928831,2025,3
1373,2025-04-21,5493,Beleza,395.11,240.2064942853432,Norte,154.9035057146568,2025,4
1374,2025-07-14,5270,Esportes,345.93,209.49019301061628,Leste,136.43980698938373,2025,7
1375,2025-02-17,5422,Moda,465.32,296.54785163746806,Oeste,168.77214836253194,2025,2
1376,2025-03-29,5475,Casa,173.27,112.91538161424069,Oeste,60.35461838575932,2025,3
1377,2025-06-19,5142,Esportes,337.23,208.9926363067004,Leste,128.2373636932996,2025,6
1378,2025-09-11,5212,Eletrônicos,268.33,176.19752343698036,Oeste,92.13247656301962,2025,9
1379,2025-04-30,5284,Eletrônicos,468.98,288.35992230131563,Leste,180.62007769868438,2025,4
1380,2025-10-28,5406,Eletrônicos,169.17,120.63204856773469,Sul,48.5379514322653,2025,10
1381,2025-10-02,5500,Casa,166.03,113.00762935669634,Centro-Oeste,53.02237064330366,2025,10
1382,2025-12-12,5202,Esportes,190.06,121.59644295927149,Oeste,68.46355704072852,2025,12
1383,2025-05-29,5184,Eletrônicos,37.61,43.35254106632752,Centro-Oeste,-5.742541066327519,2025,5
1384,2025-03-19,5478,Esportes,197.42,125.42342538498328,Oeste,71.99657461501671,2025,3
1385,2025-03-26,5184,Moda,174.09,118.16447686004652,Norte,55.925523139953484,2025,3
1386,2025-09-29,5323,Eletrônicos,265.04,170.52046290203245,Oeste,94.51953709796757,2025,9
1387,2025-05-18,5256,Moda,284.18,187.016706446994,Sul,97.16329355300601,2025,5
1388,2025-09-06,5471,Eletrônicos,437.62,280.37955598363425,Sul,157.24044401636576,2025,9
1389,2025-08-29,5295,Casa,345.04,217.18402074532884,Norte,127.85597925467118,2025,8
1390,2025-10-02,5140,Casa,192.31,121.61891064826908,Centro-Oeste,70.69108935173092,2025,10
1391,2025-01-25,5328,Moda,160.16,108.39586071469556,Norte,51.76413928530444,2025,1
1392,2025-09-26,5122,Eletrônicos,299.19,186.12542315123943,Norte,113.06457684876057,2025,9
1393,2025-09-09,5483,Beleza,117.98,90.85493623763313,Oeste,27.125063762366878,2025,9
1394,2025-10-26,5293,Casa,433.15,270.57267665541366,Leste,162.57732334458632,2025,10
1395,2025-08-24,5456,Eletrônicos,367.94,228.93739224343943,Leste,139.00260775656056,2025,8
1396,2025-02-09,5000,Beleza,203.08,132.77140152932455,Centro-Oeste,70.30859847067546,2025,2
1397,2025-02-05,5318,Beleza,78.69,50.47836855235152,Oeste,28.21163144764848,2025,2
1398,2025-11-09,5035,Esportes,385.39,236.3759298074467,Norte,149.01407019255328,2025,11
1399,2025-01-31,5246,Esportes,238.55,159.13206953972212,Sul,79.41793046027789,2025,1
1400,2025-01-14,5160,Moda,373.78,230.983528605143,Norte,142.79647139485698,2025,1
1401,2025-04-16,5116,Beleza,90.56,59.1014450865903,Sul,31.4585549134097,2025,4
1402,2025-09-29,5482,Eletrônicos,190.06,126.71926376263644,Norte,63.34073623736356,2025,9
1403,2025-07-25,5413,Moda,250.52,166.24052077331498,Norte,84.27947922668503,2025,7
1404,2025-06-04,5394,Eletrônicos,254.7,166.41476655332534,Centro-Oeste,88.28523344667465,2025,6
1405,2025-09-13,5105,Eletrônicos,204.99,137.97423842902907,Leste,67.01576157097094,2025,9
1406,2025-11-29,5169,Casa,312.28,193.58402455715267,Leste,118.6959754428473,2025,11
1407,2025-04-24,5164,Moda,143.24,88.83494666629079,Norte,54.40505333370922,2025,4
1408,2025-07-17,5382,Beleza,235.76,158.96266825977742,Leste,76.79733174022257,2025,7
1409,2025-05-18,5127,Eletrônicos,262.03,165.60460080578932,Centro-Oeste,96.42539919421066,2025,5
1410,2025-06-20,5315,Esportes,301.44,189.60983491772475,Sul,111.83016508227524,2025,6
1411,2025-12-07,5297,Eletrônicos,321.16,209.3369707092453,Oeste,111.82302929075473,2025,12
1412,2025-11-01,5077,Esportes,137.54,95.30515004700328,Norte,42.23484995299671,2025,11
1413,2025-12-30,5349,Esportes,96.59,70.23343886040804,Sul,26.35656113959196,2025,12
1414,2025-05-05,5055,Casa,377.77,247.4870117245054,Sul,130.28298827549457,2025,5
1415,2025-12-23,5001,Casa,283.23,176.7204088480993,Norte,106.50959115190071,2025,12
1416,2025-07-02,5071,Moda,175.15,119.7292006404062,Norte,55.4207993595938,2025,7
1417,2025-01-30,5321,Moda,405.12,253.3570656244854,Sul,151.76293437551462,2025,1
1418,2025-09-09,5385,Casa,261.57,168.28496139431627,Centro-Oeste,93.28503860568372,2025,9
1419,2025-02-16,5184,Esportes,367.93,238.40034213206263,Norte,129.52965786793737,2025,2
1420,2025-02-01,5031,Casa,256.75,166.5891787814481,Centro-Oeste,90.16082121855189,2025,2
1421,2025-05-19,5290,Casa,456.07,286.33348039524816,Leste,169.73651960475183,2025,5
1422,2025-02-22,5388,Beleza,425.53,270.680536686549,Leste,154.849463313451,2025,2
1423,2025-10-30,5174,Eletrônicos,225.1,143.23523635228557,Sul,81.86476364771443,2025,10
1424,2025-10-06,5420,Beleza,347.16,214.09995166330495,Leste,133.06004833669508,2025,10
1425,2025-05-27,5230,Casa,314.54,193.49995402989484,Norte,121.04004597010518,2025,5
1426,2025-07-06,5171,Esportes,386.86,232.28421705312,Norte,154.57578294688003,2025,7
1427,2025-02-05,5201,Moda,153.51,112.3870356497016,Centro-Oeste,41.12296435029839,2025,2
1428,2025-08-19,5493,Eletrônicos,318.61,195.6499581713916,Centro-Oeste,122.96004182860841,2025,8
1429,2025-05-31,5237,Moda,355.84,222.39773188207116,Centro-Oeste,133.44226811792882,2025,5
1430,2025-10-02,5367,Casa,74.13,53.093933500555394,Leste,21.0360664994446,2025,10
1431,2025-03-21,5098,Moda,131.67,90.5390334890455,Centro-Oeste,41.130966510954494,2025,3
1432,2025-07-15,5412,Moda,46.08,41.72668606269649,Norte,4.353313937303511,2025,7
1433,2025-01-30,5115,Casa,223.06,148.13836744179872,Leste,74.92163255820128,2025,1
1434,2025-12-09,5427,Moda,321.75,200.1346128071553,Norte,121.61538719284471,2025,12
1435,2025-04-07,5405,Casa,400.24,249.30839143106795,Sul,150.93160856893206,2025,4
1436,2025-08-18,5165,Esportes,257.41,165.8588997524415,Leste,91.55110024755854,2025,8
1437,2025-06-21,5130,Esportes,412.86,256.4725443690823,Leste,156.3874556309177,2025,6
1438,2025-10-28,5336,Eletrônicos,111.99,85.23072788009995,Centro-Oeste,26.759272119900047,2025,10
1439,2025-03-04,5127,Moda,79.66,60.25087475819126,Norte,19.409125241808738,2025,3
1440,2025-01-27,5137,Moda,244.45,160.34438893024907,Centro-Oeste,84.10561106975092,2025,1
1441,2025-06-05,5293,Beleza,288.41,186.36040634333708,Norte,102.04959365666295,2025,6
1442,2025-09-09,5097,Esportes,246.73,163.9053692874266,Oeste,82.8246307125734,2025,9
1443,2025-03-11,5189,Esportes,43.26,36.861107793518535,Centro-Oeste,6.398892206481463,2025,3
1444,2025-01-04,5017,Eletrônicos,241.09,148.16984026022075,Oeste,92.92015973977925,2025,1
1445,2025-07-08,5406,Moda,119.55,83.7284397587632,Oeste,35.821560241236796,2025,7
1446,2025-08-22,5338,Casa,316.97,196.9252155310409,Oeste,120.04478446895914,2025,8
1447,2025-07-30,5208,Eletrônicos,286.66,179.35291659125122,Norte,107.30708340874881,2025,7
1448,2025-08-16,5047,Casa,156.01,106.53782009377548,Centro-Oeste,49.47217990622451,2025,8
1449,2025-06-28,5053,Esportes,198.61,135.35741535716818,Norte,63.252584642831835,2025,6
1450,2025-03-18,5232,Beleza,144.08,96.55435788368032,Oeste,47.52564211631969,2025,3
1451,2025-11-15,5343,Moda,243.73,157.7821650629948,Norte,85.94783493700518,2025,11
1452,2025-12-24,5099,Eletrônicos,345.51,225.81707472317615,Sul,119.69292527682384,2025,12
1453,2025-10-17,5100,Moda,151.43,102.06176589744284,Centro-Oeste,49.36823410255717,2025,10
1454,2025-08-22,5056,Moda,300.4,203.24841557090195,Norte,97.15158442909802,2025,8
1455,2025-07-31,5224,Casa,196.97,131.0095482281577,Norte,65.96045177184229,2025,7
1456,2025-01-25,5393,Esportes,170.71,103.62218620422092,Sul,67.08781379577908,2025,1
1457,2025-12-10,5017,Casa,239.3,157.34670810552268,Leste,81.95329189447733,2025,12
1458,2025-06-23,5337,Esportes,146.48,99.79379192441388,Centro-Oeste,46.68620807558611,2025,6
1459,2025-11-06,5047,Esportes,194.64,133.23276377041373,Centro-Oeste,61.40723622958626,2025,11
1460,2025-04-06,5366,Casa,130.21,91.4919067563498,Centro-Oeste,38.7180932436502,2025,4
1461,2025-08-28,5423,Moda,446.47,277.18972008008114,Sul,169.28027991991888,2025,8
1462,2025-06-14,5044,Casa,253.53,155.99650881855317,Norte,97.53349118144683,2025,6
1463,2025-07-31,5382,Moda,180.03,116.97288371356989,Oeste,63.057116286430116,2025,7
1464,2025-11-24,5215,Casa,271.4,168.58739772895348,Norte,102.8126022710465,2025,11
1465,2025-03-13,5397,Moda,238.77,150.35938275097638,Norte,88.41061724902363,2025,3
1466,2025-02-26,5093,Moda,227.9,149.68289202210306,Sul,78.21710797789694,2025,2
1467,2025-03-20,5171,Eletrônicos,311.42,205.20152252175703,Centro-Oeste,106.21847747824299,2025,3
1468,2025-06-22,5367,Eletrônicos,325.75,207.4233576491149,Oeste,118.3266423508851,2025,6
1469,2025-03-25,5001,Moda,196.95,122.19058468982406,Oeste,74.75941531017592,2025,3
1470,2025-05-12,5367,Beleza,192.42,127.67501334110068,Oeste,64.74498665889931,2025,5
1471,2025-01-15,5411,Casa,222.49,149.47715743322826,Leste,73.01284256677175,2025,1
1472,2025-07-14,5482,Beleza,19.81,18.83708547840309,Leste,0.972914521596909,2025,7
1473,2025-11-19,5494,Casa,98.48,68.41791416663541,Leste,30.06208583336459,2025,11
1474,2025-11-07,5144,Casa,386.69,242.08744097364595,Leste,144.60255902635404,2025,11
1475,2025-05-10,5346,Beleza,414.5,254.7755084345888,Oeste,159.7244915654112,2025,5
1476,2025-01-06,5011,Casa,225.1,148.3014021692193,Sul,76.7985978307807,2025,1
1477,2025-08-14,5341,Eletrônicos,307.66,193.9912592569611,Sul,113.66874074303894,2025,8
1478,2025-04-03,5083,Casa,281.13,180.77566221953515,Centro-Oeste,100.35433778046485,2025,4
1479,2025-06-29,5379,Eletrônicos,557.89,340.2965391109895,Norte,217.5934608890105,2025,6
1480,2025-03-19,5027,Casa,361.96,224.98870849838292,Oeste,136.97129150161706,2025,3
1481,2025-04-21,5296,Moda,237.21,155.93790678913885,Sul,81.27209321086116,2025,4
1482,2025-11-10,5076,Eletrônicos,154.45,100.80583423954116,Centro-Oeste,53.64416576045883,2025,11
1483,2025-01-14,5219,Beleza,89.36,72.25081925616703,Centro-Oeste,17.109180743832965,2025,1
1484,2025-03-19,5205,Esportes,270.35,170.21181907192698,Centro-Oeste,100.13818092807304,2025,3
1485,2025-02-09,5252,Casa,174.36,115.73942362875944,Leste,58.620576371240574,2025,2
1486,2025-04-23,5082,Casa,107.77,79.32495415936545,Sul,28.44504584063455,2025,4
1487,2025-01-15,5479,Esportes,185.34,114.11217133533484,Centro-Oeste,71.22782866466517,2025,1
1488,2025-04-04,5252,Beleza,141.85,86.30595594009611,Oeste,55.54404405990388,2025,4
1489,2025-03-26,5149,Casa,418.71,253.5977184271495,Sul,165.1122815728505,2025,3
1490,2025-01-13,5300,Casa,338.16,219.20892051713597,Sul,118.95107948286406,2025,1
1491,2025-05-27,5449,Eletrônicos,249.2,156.76070927053777,Norte,92.43929072946221,2025,5
1492,2025-10-02,5121,Moda,397.99,261.58499642834124,Leste,136.40500357165877,2025,10
1493,2025-10-14,5441,Esportes,257.74,161.82276200671305,Norte,95.91723799328696,2025,10
1494,2025-01-18,5226,Eletrônicos,163.87,109.2447565159852,Centro-Oeste,54.6252434840148,2025,1
1495,2025-07-07,5210,Eletrônicos,402.31,259.09654976283935,Leste,143.21345023716066,2025,7
1496,2025-07-25,5105,Moda,303.89,202.3644644407956,Oeste,101.5255355592044,2025,7
1497,2025-08-29,5324,Moda,146.28,108.075517883182,Leste,38.204482116818,2025,8
1498,2025-06-29,5345,Casa,230.97,154.6238311529657,Norte,76.3461688470343,2025,6
1499,2025-11-24,5431,Esportes,162.44,112.58431262905732,Norte,49.855687370942675,2025,11
1500,2025-10-05,5273,Esportes,111.72,79.99463474600591,Leste,31.725365253994084,2025,10
1501,2025-01-14,5222,Esportes,342.62,219.4638053808332,Leste,123.1561946191668,2025,1
1502,2025-05-18,5130,Esportes,440.94,271.8080714183573,Sul,169.13192858164268,2025,5
1503,2025-03-19,5333,Casa,110.14,71.99300558288847,Oeste,38.14699441711153,2025,3
1504,2025-08-02,5185,Beleza,306.3,193.76312771294525,Oeste,112.53687228705476,2025,8
1505,2025-10-08,5144,Beleza,184.94,120.11307688737536,Oeste,64.82692311262464,2025,10
1506,2025-11-26,5147,Moda,201.29,128.50785975336362,Leste,72.78214024663637,2025,11
1507,2025-08-18,5071,Casa,190.76,127.93793723728356,Norte,62.82206276271643,2025,8
1508,2025-12-06,5102,Beleza,163.6,112.93652604285256,Oeste,50.66347395714743,2025,12
1509,2025-12-24,5117,Moda,254.85,163.35203443145923,Norte,91.49796556854076,2025,12
1510,2025-01-05,5242,Casa,166.9,117.52765040527632,Centro-Oeste,49.37234959472369,2025,1
1511,2025-05-14,5283,Moda,277.05,170.52155442933247,Norte,106.52844557066754,2025,5
1512,2025-02-05,5236,Esportes,244.98,156.0197027036014,Oeste,88.96029729639858,2025,2
1513,2025-07-28,5115,Eletrônicos,226.11,142.08188839698596,Oeste,84.02811160301405,2025,7
1514,2025-04-09,5121,Beleza,159.24,96.2113169146347,Centro-Oeste,63.028683085365316,2025,4
1515,2025-09-09,5189,Casa,192.32,124.9785965707865,Sul,67.3414034292135,2025,9
1516,2025-11-01,5331,Beleza,325.54,204.7152624580836,Sul,120.82473754191642,2025,11
1517,2025-02-05,5112,Eletrônicos,300.09,197.62124871621063,Norte,102.46875128378935,2025,2
1518,2025-06-23,5187,Esportes,152.24,104.4980584227739,Oeste,47.741941577226115,2025,6
1519,2025-03-24,5017,Eletrônicos,259.93,160.83706587835397,Leste,99.09293412164604,2025,3
1520,2025-12-29,5320,Eletrônicos,325.14,214.3544628316709,Leste,110.78553716832909,2025,12
1521,2025-03-18,5446,Moda,83.06,65.94116847762676,Centro-Oeste,17.11883152237324,2025,3
1522,2025-07-26,5315,Eletrônicos,304.34,195.51448851734307,Leste,108.8255114826569,2025,7
1523,2025-04-19,5471,Moda,183.74,119.11157950575084,Leste,64.62842049424917,2025,4
1524,2025-12-17,5321,Casa,307.06,189.4388038163826,Leste,117.6211961836174,2025,12
1525,2025-06-10,5493,Esportes,173.67,112.34096611964472,Oeste,61.32903388035527,2025,6
1526,2025-04-11,5253,Beleza,69.51,57.14974309852093,Sul,12.360256901479076,2025,4
1527,2025-07-31,5227,Moda,87.25,71.77293152967304,Oeste,15.477068470326955,2025,7
1528,2025-12-17,5387,Esportes,254.81,170.60221764136094,Sul,84.20778235863907,2025,12
1529,2025-07-10,5433,Casa,275.97,173.13775289106866,Leste,102.83224710893137,2025,7
1530,2025-09-06,5398,Moda,159.57,100.14391283355494,Centro-Oeste,59.42608716644506,2025,9
1531,2025-08-10,5028,Casa,313.86,199.020431234556,Centro-Oeste,114.839568765444,2025,8
1532,2025-01-13,5327,Moda,83.85,51.46780317218574,Centro-Oeste,32.382196827814255,2025,1
1533,2025-04-22,5494,Esportes,243.39,157.6498385709239,Centro-Oeste,85.7401614290761,2025,4
1534,2025-11-26,5153,Moda,128.9,86.60198706850666,Oeste,42.298012931493346,2025,11
1535,2025-10-02,5190,Eletrônicos,184.82,118.56181749065878,Oeste,66.25818250934121,2025,10
1536,2025-03-30,5484,Esportes,254.74,154.87048466366602,Oeste,99.86951533633399,2025,3
1537,2025-09-13,5466,Eletrônicos,163.96,110.9440005328486,Norte,53.0159994671514,2025,9
1538,2025-05-09,5179,Casa,211.54,134.26049580169044,Sul,77.27950419830955,2025,5
1539,2025-11-17,5401,Eletrônicos,350.63,214.52841582144853,Leste,136.10158417855146,2025,11
1540,2025-08-26,5005,Moda,192.31,111.02468893359176,Norte,81.28531106640824,2025,8
1541,2025-10-29,5344,Casa,333.57,210.0044254747468,Oeste,123.5655745252532,2025,10
1542,2025-10-12,5171,Moda,137.03,101.07925798334873,Norte,35.950742016651276,2025,10
1543,2025-02-22,5137,Casa,302.98,200.09429607273933,Centro-Oeste,102.88570392726069,2025,2
1544,2025-11-02,5400,Casa,394.16,244.21051871706865,Sul,149.94948128293137,2025,11
1545,2025-02-26,5191,Moda,2.84,8.692939698191097,Oeste,-5.852939698191097,2025,2
1546,2025-05-15,5484,Beleza,170.31,114.52987128037512,Leste,55.780128719624884,2025,5
1547,2025-01-15,5423,Casa,307.71,189.6340728040585,Norte,118.07592719594149,2025,1
1548,2025-06-24,5158,Eletrônicos,229.7,149.32895949909732,Sul,80.37104050090267,2025,6
1549,2025-11-06,5374,Beleza,287.11,186.09640139192345,Centro-Oeste,101.01359860807656,2025,11
1550,2025-12-27,5075,Beleza,189.6,129.89466611942152,Oeste,59.70533388057848,2025,12
1551,2025-07-15,5428,Esportes,258.66,164.69522961760023,Norte,93.96477038239979,2025,7
1552,2025-04-05,5445,Moda,234.43,149.63963124911515,Centro-Oeste,84.79036875088485,2025,4
1553,2025-01-15,5105,Moda,366.78,225.6780870662172,Sul,141.10191293378278,2025,1
1554,2025-06-05,5391,Esportes,275.44,171.12959822980068,Centro-Oeste,104.31040177019932,2025,6
1555,2025-05-09,5005,Esportes,283.76,179.12360554049238,Oeste,104.63639445950761,2025,5
1556,2025-01-18,5389,Casa,208.81,137.1228275340809,Oeste,71.6871724659191,2025,1
1557,2025-05-07,5216,Eletrônicos,201.24,135.31192313116625,Sul,65.92807686883376,2025,5
1558,2025-09-15,5393,Moda,206.74,130.02810524659827,Sul,76.71189475340174,2025,9
1559,2025-09-16,5480,Casa,289.45,191.1334428447976,Leste,98.31655715520239,2025,9
1560,2025-03-03,5060,Esportes,207.9,133.38438199478716,Centro-Oeste,74.51561800521284,2025,3
1561,2025-06-12,5422,Beleza,278.98,177.28116352825782,Leste,101.6988364717422,2025,6
1562,2025-01-27,5454,Esportes,457.54,280.7879416042609,Oeste,176.75205839573914,2025,1
1563,2025-11-16,5072,Eletrônicos,337.11,200.14479869863527,Norte,136.96520130136474,2025,11
1564,2025-08-04,5001,Casa,217.4,144.86022698180523,Leste,72.53977301819478,2025,8
1565,2025-07-04,5377,Moda,370.12,235.75621948546217,Centro-Oeste,134.36378051453784,2025,7
1566,2026-01-01,5455,Beleza,209.19,134.10736221440894,Centro-Oeste,75.08263778559106,2026,1
1567,2025-04-14,5319,Esportes,46.19,38.04895358612436,Oeste,8.141046413875635,2025,4
1568,2026-01-01,5198,Eletrônicos,149.19,102.09369608852047,Norte,47.096303911479524,2026,1
1569,2025-12-28,5492,Beleza,62.92,39.93927071556729,Norte,22.980729284432712,2025,12
1570,2025-06-22,5071,Casa,214.85,136.26473661326852,Oeste,78.58526338673147,2025,6
1571,2025-08-21,5059,Moda,251.84,165.0753233981091,Oeste,86.7646766018909,2025,8
1572,2025-07-09,5015,Eletrônicos,417.64,254.3125528841537,Norte,163.3274471158463,2025,7
1573,2025-09-13,5092,Esportes,282.69,181.08178966083315,Sul,101.60821033916685,2025,9
1574,2025-04-15,5411,Esportes,228.09,140.07109097688297,Sul,88.01890902311703,2025,4
1575,2025-07-15,5238,Moda,332.94,212.0961499121676,Sul,120.84385008783241,2025,7
1576,2025-02-04,5335,Casa,28.89,27.155792588512583,Sul,1.734207411487418,2025,2
1577,2025-06-17,5047,Esportes,273.56,166.06034092047244,Oeste,107.49965907952756,2025,6
1578,2025-05-14,5072,Beleza,327.09,212.07769677228583,Norte,115.01230322771414,2025,5
1579,2025-09-10,5018,Eletrônicos,102.14,67.61104211600976,Centro-Oeste,34.528957883990245,2025,9
1580,2025-07-15,5478,Moda,364.38,224.5767378149281,Norte,139.8032621850719,2025,7
1581,2025-12-07,5389,Eletrônicos,283.85,181.3128459861547,Norte,102.53715401384531,2025,12
1582,2025-12-05,5439,Eletrônicos,208.47,140.82518674714356,Leste,67.64481325285644,2025,12
1583,2025-03-05,5102,Beleza,313.28,192.888890905108,Oeste,120.39110909489196,2025,3
1584,2025-08-23,5104,Eletrônicos,477.07,296.55039924923983,Oeste,180.51960075076016,2025,8
1585,2025-01-19,5331,Eletrônicos,268.19,173.05808250165285,Centro-Oeste,95.13191749834715,2025,1
1586,2025-10-31,5168,Casa,274.82,178.35752803631573,Leste,96.46247196368427,2025,10
1587,2025-06-21,5098,Esportes,204.06,133.31820777638612,Oeste,70.74179222361388,2025,6
1588,2025-12-24,5047,Eletrônicos,165.02,107.17686080458338,Oeste,57.843139195416626,2025,12
1589,2025-12-23,5267,Esportes,333.03,205.6800488967564,Centro-Oeste,127.34995110324357,2025,12
1590,2025-03-11,5313,Esportes,164.39,109.06471941523186,Leste,55.32528058476812,2025,3
1591,2025-11-23,5017,Moda,257.16,158.93530494007197,Leste,98.22469505992805,2025,11
1592,2025-07-09,5310,Casa,202.23,116.73124758252696,Oeste,85.49875241747303,2025,7
1593,2025-09-09,5382,Eletrônicos,297.9,190.92279902078832,Centro-Oeste,106.97720097921166,2025,9
1594,2025-08-22,5220,Esportes,283.37,184.54167420543095,Sul,98.82832579456905,2025,8
1595,2025-01-19,5100,Casa,353.75,210.4353378222908,Norte,143.3146621777092,2025,1
1596,2025-03-11,5377,Eletrônicos,199.0,124.3513464764503,Oeste,74.6486535235497,2025,3
1597,2025-04-27,5148,Beleza,223.01,146.90177130502596,Leste,76.10822869497403,2025,4
1598,2025-07-25,5002,Beleza,152.12,111.5594773485585,Norte,40.5605226514415,2025,7
1599,2025-08-02,5433,Eletrônicos,205.57,133.44596853837703,Oeste,72.12403146162296,2025,8
1600,2025-10-24,5386,Casa,287.73,178.99798529385433,Sul,108.73201470614569,2025,10
1601,2025-08-26,5181,Eletrônicos,325.7,204.5055177944758,Norte,121.1944822055242,2025,8
1602,2025-05-06,5496,Esportes,157.78,111.54238209574092,Oeste,46.23761790425908,2025,5
1603,2025-02-05,5353,Beleza,336.96,208.9461791043773,Norte,128.01382089562267,2025,2
1604,2025-06-13,5242,Eletrônicos,385.56,237.34003996674872,Centro-Oeste,148.21996003325128,2025,6
1605,2025-12-10,5027,Casa,291.34,182.3902823890898,Norte,108.94971761091017,2025,12
1606,2025-07-28,5310,Moda,437.68,267.84135695870646,Centro-Oeste,169.83864304129355,2025,7
1607,2025-05-07,5499,Moda,172.62,114.18535157997398,Oeste,58.43464842002602,2025,5
1608,2025-08-29,5338,Esportes,125.53,93.4413922923478,Centro-Oeste,32.0886077076522,2025,8
1609,2025-11-07,5312,Casa,72.13,54.89339636558015,Leste,17.236603634419843,2025,11
1610,2025-07-01,5373,Esportes,399.6,248.49823248936852,Oeste,151.1017675106315,2025,7
1611,2025-04-21,5173,Moda,315.44,197.80494365542225,Oeste,117.63505634457775,2025,4
1612,2025-07-28,5289,Eletrônicos,244.44,148.8480459565167,Sul,95.5919540434833,2025,7
1613,2025-02-28,5299,Moda,278.0,181.21554888573576,Oeste,96.78445111426424,2025,2
1614,2025-09-08,5374,Esportes,137.45,92.08081401493598,Sul,45.36918598506401,2025,9
1615,2025-09-25,5430,Beleza,494.58,305.84560043204687,Norte,188.73439956795312,2025,9
1616,2025-10-23,5198,Casa,262.92,183.71753783922432,Centro-Oeste,79.2024621607757,2025,10
1617,2025-03-26,5410,Esportes,260.94,168.05776454182842,Oeste,92.88223545817158,2025,3
1618,2025-02-14,5273,Eletrônicos,322.58,199.78904474952407,Sul,122.79095525047592,2025,2
1619,2025-04-16,5412,Eletrônicos,298.1,186.7282120189723,Oeste,111.37178798102772,2025,4
1620,2025-01-13,5375,Casa,272.39,179.17622854598378,Sul,93.21377145401621,2025,1
1621,2025-10-11,5101,Eletrônicos,170.95,113.13635205268882,Sul,57.81364794731117,2025,10
1622,2025-12-29,5078,Moda,297.15,181.0986101084132,Leste,116.05138989158678,2025,12
1623,2025-08-20,5196,Casa,438.2,277.51614467287595,Oeste,160.68385532712404,2025,8
1624,2025-09-23,5234,Eletrônicos,384.54,237.383279572305,Leste,147.156720427695,2025,9
1625,2025-10-14,5297,Beleza,409.32,264.9584888810877,Norte,144.3615111189123,2025,10
1626,2025-03-09,5438,Moda,198.88,134.72824032857324,Centro-Oeste,64.15175967142676,2025,3
1627,2025-03-10,5325,Casa,151.04,98.38739052170624,Sul,52.652609478293755,2025,3
1628,2025-09-28,5455,Casa,237.42,158.85708180867556,Centro-Oeste,78.56291819132443,2025,9
1629,2025-02-17,5228,Casa,255.57,163.681277552637,Leste,91.888722447363,2025,2
1630,2025-01-01,5344,Eletrônicos,359.42,229.91586837561115,Centro-Oeste,129.50413162438886,2025,1
1631,2025-09-09,5256,Beleza,80.75,60.87366408647237,Centro-Oeste,19.876335913527633,2025,9
1632,2025-04-05,5148,Casa,402.96,247.5442167250456,Norte,155.41578327495438,2025,4
1633,2025-01-24,5404,Beleza,234.2,147.30225083841268,Leste,86.89774916158731,2025,1
1634,2025-05-14,5079,Beleza,207.31,139.5358040879058,Centro-Oeste,67.7741959120942,2025,5
1635,2025-08-19,5059,Esportes,148.79,97.60012333946727,Oeste,51.18987666053272,2025,8
1636,2025-03-31,5014,Beleza,84.51,58.68775768379002,Leste,25.822242316209987,2025,3
1637,2025-08-08,5333,Esportes,332.32,204.61638710325323,Centro-Oeste,127.70361289674676,2025,8
1638,2025-12-16,5400,Esportes,257.33,166.5159953279673,Oeste,90.8140046720327,2025,12
1639,2025-03-31,5334,Beleza,121.0,92.91262459621572,Norte,28.08737540378428,2025,3
1640,2025-02-01,5176,Moda,120.49,76.95633542872864,Leste,43.53366457127136,2025,2
1641,2025-12-23,5406,Esportes,216.42,139.97309728336376,Centro-Oeste,76.44690271663623,2025,12
1642,2025-01-08,5222,Esportes,416.9,267.20110277707715,Oeste,149.69889722292282,2025,1
1643,2025-09-16,5408,Beleza,224.04,144.02579304377142,Norte,80.01420695622858,2025,9
1644,2025-09-29,5464,Beleza,99.69,72.07585898124866,Norte,27.61414101875134,2025,9
1645,2025-10-06,5198,Esportes,225.43,139.94603235926562,Leste,85.48396764073439,2025,10
1646,2025-04-04,5357,Casa,222.73,145.7795354860382,Leste,76.95046451396178,2025,4
1648,2025-04-22,5288,Eletrônicos,244.57,161.6706499783993,Oeste,82.8993500216007,2025,4
1649,2025-01-03,5392,Beleza,226.91,152.08293025782373,Norte,74.82706974217626,2025,1
1650,2025-03-15,5347,Beleza,319.62,214.71981821009305,Leste,104.90018178990695,2025,3
1651,2025-10-31,5358,Moda,434.9,273.83816586606787,Oeste,161.0618341339321,2025,10
1652,2025-01-18,5484,Esportes,362.66,229.22498158291083,Oeste,133.4350184170892,2025,1
1653,2025-11-28,5248,Beleza,223.11,144.8379215078867,Norte,78.27207849211331,2025,11
1654,2025-04-12,5475,Casa,139.35,91.84416853594657,Leste,47.50583146405343,2025,4
1655,2025-04-01,5044,Beleza,507.34,316.09641921730844,Sul,191.24358078269154,2025,4
1656,2025-12-06,5217,Beleza,255.92,162.07499294930486,Sul,93.84500705069513,2025,12
1657,2025-09-06,5209,Esportes,251.39,161.67630488134805,Oeste,89.71369511865194,2025,9
1658,2025-06-01,5251,Moda,247.59,165.1419876780398,Norte,82.44801232196019,2025,6
1659,2025-08-20,5497,Esportes,269.81,166.8532871736018,Leste,102.95671282639819,2025,8
1660,2025-10-08,5125,Eletrônicos,235.56,157.03539280564522,Sul,78.52460719435479,2025,10
1661,2025-11-29,5281,Eletrônicos,192.63,132.16357533669932,Leste,60.46642466330067,2025,11
1662,2025-04-25,5433,Moda,195.31,126.5956573650446,Sul,68.7143426349554,2025,4
1663,2025-08-24,5466,Moda,246.72,147.422725504957,Leste,99.29727449504301,2025,8
1664,2025-10-25,5197,Casa,195.66,124.35689006452782,Centro-Oeste,71.30310993547218,2025,10
1665,2025-11-27,5138,Moda,178.72,123.71697273280554,Leste,55.003027267194454,2025,11
1666,2025-12-13,5191,Esportes,260.64,166.26965968850558,Sul,94.3703403114944,2025,12
1667,2025-07-05,5476,Casa,224.5,139.70348883852543,Oeste,84.79651116147457,2025,7
1668,2025-10-12,5346,Moda,400.4,247.7161253938589,Sul,152.68387460614107,2025,10
1670,2025-02-03,5145,Esportes,359.15,228.2236678410069,Leste,130.9263321589931,2025,2
1671,2025-02-27,5419,Moda,374.61,233.57133950415152,Centro-Oeste,141.0386604958485,2025,2
1672,2025-11-10,5366,Casa,42.66,33.76187794092656,Oeste,8.898122059073437,2025,11
1673,2025-09-13,5178,Beleza,215.73,137.47920925478087,Sul,78.25079074521912,2025,9
1674,2025-06-18,5041,Beleza,212.86,133.1039490775075,Leste,79.7560509224925,2025,6
1675,2025-08-04,5242,Eletrônicos,109.25,83.62687844734721,Oeste,25.62312155265279,2025,8
1676,2025-04-15,5227,Esportes,172.22,111.7203976539433,Oeste,60.499602346056705,2025,4
1677,2025-09-26,5096,Esportes,138.94,99.44979260412748,Centro-Oeste,39.49020739587252,2025,9
1678,2025-04-01,5298,Eletrônicos,425.23,272.74458025961223,Sul,152.48541974038778,2025,4
1679,2025-02-06,5099,Eletrônicos,343.57,221.1335544907398,Leste,122.43644550926018,2025,2
1680,2025-02-20,5365,Eletrônicos,377.16,234.13789843640976,Centro-Oeste,143.02210156359027,2025,2
1681,2025-03-06,5220,Eletrônicos,322.17,205.32065045168304,Norte,116.84934954831698,2025,3
1682,2025-01-22,5321,Moda,137.09,92.13302196804544,Sul,44.95697803195456,2025,1
1683,2025-12-20,5432,Beleza,197.55,124.01149069634936,Oeste,73.53850930365066,2025,12
1684,2025-09-01,5355,Eletrônicos,298.94,190.985796408608,Norte,107.954203591392,2025,9
1685,2025-01-06,5461,Beleza,127.79,80.77880104420099,Leste,47.01119895579902,2025,1
1686,2025-03-25,5007,Esportes,321.3,208.71839694230783,Centro-Oeste,112.58160305769218,2025,3
1687,2025-12-26,5483,Eletrônicos,225.97,143.25891351350802,Centro-Oeste,82.71108648649198,2025,12
1688,2025-01-15,5368,Eletrônicos,212.52,138.5177982793642,Norte,74.00220172063581,2025,1
1689,2025-02-22,5405,Eletrônicos,321.1,204.07643935773072,Leste,117.0235606422693,2025,2
1690,2025-05-01,5476,Moda,294.43,185.3634751314796,Norte,109.06652486852042,2025,5
1691,2025-09-29,5145,Eletrônicos,213.9,141.27346900737638,Centro-Oeste,72.62653099262363,2025,9
1692,2025-02-03,5130,Eletrônicos,365.93,227.18348171688737,Norte,138.74651828311264,2025,2
1693,2025-06-19,5367,Eletrônicos,141.89,99.4904864872862,Sul,42.39951351271378,2025,6
1694,2025-03-18,5387,Casa,311.59,190.22410159876625,Leste,121.36589840123372,2025,3
1695,2025-06-07,5326,Beleza,309.31,196.21789789773203,Leste,113.09210210226797,2025,6
1696,2025-07-20,5428,Moda,219.05,151.12464499529142,Leste,67.92535500470859,2025,7
1697,2025-02-05,5277,Esportes,282.61,174.56434337697212,Oeste,108.0456566230279,2025,2
1698,2025-08-20,5322,Eletrônicos,124.89,81.54527514737575,Leste,43.34472485262425,2025,8
1699,2025-04-20,5478,Casa,342.4,218.00953924829452,Oeste,124.39046075170546,2025,4
1700,2025-04-07,5325,Moda,231.51,149.80390890969795,Oeste,81.70609109030204,2025,4
1701,2025-03-19,5372,Casa,197.73,130.3911504963678,Norte,67.33884950363219,2025,3
1702,2025-01-24,5113,Moda,354.9,225.38593565073828,Sul,129.5140643492617,2025,1
1703,2025-06-15,5324,Moda,179.57,120.91560734280884,Oeste,58.65439265719115,2025,6
1704,2025-09-11,5189,Eletrônicos,109.15,81.03849920978111,Sul,28.111500790218898,2025,9
1705,2025-08-06,5384,Casa,94.34,68.65309328464257,Leste,25.686906715357438,2025,8
1706,2025-02-09,5063,Esportes,310.6,195.1537117269073,Centro-Oeste,115.44628827309273,2025,2
1707,2025-11-19,5356,Eletrônicos,121.96,86.53886850601364,Centro-Oeste,35.42113149398635,2025,11
1708,2025-12-01,5478,Esportes,425.48,274.78740967447607,Centro-Oeste,150.69259032552395,2025,12
1709,2025-07-13,5411,Casa,41.81,34.42283126808714,Centro-Oeste,7.387168731912865,2025,7
1710,2025-05-21,5477,Esportes,419.65,256.9173534766468,Leste,162.7326465233532,2025,5
1711,2025-07-14,5220,Beleza,271.1,178.19540334643486,Oeste,92.90459665356516,2025,7
1712,2025-07-07,5417,Eletrônicos,240.33,153.59609418023203,Centro-Oeste,86.73390581976798,2025,7
1713,2025-08-24,5438,Beleza,195.51,116.4426522699298,Centro-Oeste,79.0673477300702,2025,8
1714,2025-05-25,5119,Esportes,289.91,188.1831083857521,Sul,101.72689161424793,2025,5
1715,2025-04-20,5437,Casa,246.24,155.0673590702304,Leste,91.17264092976961,2025,4
1716,2025-07-25,5146,Moda,360.33,225.7453335884792,Oeste,134.58466641152077,2025,7
1717,2025-11-26,5166,Esportes,261.42,168.51190165284507,Centro-Oeste,92.90809834715495,2025,11
1718,2025-11-15,5275,Casa,265.03,169.9704983988953,Oeste,95.05950160110467,2025,11
1719,2025-05-30,5462,Eletrônicos,213.64,141.7312590856952,Norte,71.90874091430479,2025,5
1720,2025-07-31,5289,Casa,244.31,154.40856814715076,Sul,89.90143185284924,2025,7
1721,2025-12-28,5072,Eletrônicos,280.78,181.0335289908804,Centro-Oeste,99.74647100911957,2025,12
1722,2025-03-29,5317,Beleza,78.98,56.09026661208041,Centro-Oeste,22.88973338791959,2025,3
1723,2025-07-21,5187,Eletrônicos,115.18,82.80205240443752,Centro-Oeste,32.37794759556249,2025,7
1724,2025-02-14,5002,Moda,324.33,207.67483742006524,Oeste,116.65516257993474,2025,2
1725,2025-08-17,5045,Casa,267.09,165.57680648977703,Leste,101.51319351022295,2025,8
1726,2025-02-15,5268,Moda,231.6,154.38991058087515,Sul,77.21008941912484,2025,2
1727,2025-01-31,5405,Moda,251.84,158.42418277442974,Oeste,93.41581722557027,2025,1
1728,2025-10-20,5220,Esportes,284.76,184.89628899140573,Norte,99.86371100859427,2025,10
1729,2025-02-28,5149,Moda,196.02,129.4484365670067,Centro-Oeste,66.57156343299332,2025,2
1730,2025-03-24,5240,Beleza,172.17,122.4929183839756,Leste,49.67708161602438,2025,3
1731,2025-09-23,5165,Casa,269.58,170.63067008814073,Leste,98.94932991185925,2025,9
1732,2025-01-08,5196,Eletrônicos,152.16,99.549416019409,Norte,52.610583980591,2025,1
1733,2025-05-12,5050,Moda,290.83,184.4009019705613,Leste,106.42909802943868,2025,5
1734,2025-04-11,5102,Beleza,79.74,56.32810108582862,Leste,23.411898914171374,2025,4
1735,2025-02-02,5007,Beleza,352.92,225.75170950971025,Leste,127.16829049028976,2025,2
1736,2025-03-24,5480,Esportes,297.26,180.27444695781705,Leste,116.98555304218294,2025,3
1737,2025-04-07,5036,Moda,275.6,170.09158790426824,Oeste,105.50841209573179,2025,4
1738,2025-04-28,5374,Beleza,348.27,213.62298539210403,Sul,134.64701460789595,2025,4
1739,2025-02-02,5098,Esportes,416.55,264.6815379598679,Leste,151.8684620401321,2025,2
1740,2025-03-25,5345,Moda,351.44,229.4170668629096,Centro-Oeste,122.0229331370904,2025,3
1741,2025-06-29,5062,Beleza,65.91,49.02375390731264,Oeste,16.886246092687358,2025,6
1742,2025-08-19,5372,Esportes,122.04,82.37989138404996,Sul,39.66010861595005,2025,8
1743,2025-12-10,5228,Eletrônicos,187.52,122.8622608155659,Sul,64.6577391844341,2025,12
1744,2025-08-05,5143,Moda,252.61,167.37539151304097,Leste,85.23460848695905,2025,8
1745,2025-09-22,5018,Esportes,301.77,186.4252343290471,Norte,115.34476567095288,2025,9
1746,2025-12-29,5283,Esportes,177.43,117.64984491367392,Centro-Oeste,59.78015508632609,2025,12
1747,2025-06-19,5001,Casa,268.68,176.08398814891214,Leste,92.59601185108787,2025,6
1748,2025-10-23,5419,Moda,174.46,117.18147084969922,Centro-Oeste,57.278529150300784,2025,10
1749,2025-12-23,5490,Eletrônicos,188.85,124.25790808299372,Centro-Oeste,64.59209191700627,2025,12
1750,2025-01-09,5356,Eletrônicos,109.33,80.60323046283571,Sul,28.726769537164287,2025,1
1751,2025-09-29,5041,Casa,157.68,91.09183853500382,Leste,66.58816146499619,2025,9
1752,2025-10-06,5292,Casa,114.83,82.28737659765453,Leste,32.54262340234547,2025,10
1753,2025-12-02,5343,Moda,152.41,98.17562158436289,Oeste,54.23437841563711,2025,12
1754,2025-07-16,5048,Esportes,355.36,214.0628355157177,Oeste,141.29716448428232,2025,7
1755,2025-06-22,5161,Moda,155.06,105.5920129976249,Norte,49.4679870023751,2025,6
1756,2025-05-01,5375,Beleza,513.24,324.8122927258148,Oeste,188.4277072741852,2025,5
1757,2025-07-22,5384,Casa,299.33,188.91075742686152,Norte,110.41924257313846,2025,7
1758,2025-01-03,5445,Casa,268.48,175.8523727360147,Leste,92.62762726398532,2025,1
1759,2025-09-30,5038,Beleza,164.16,116.55739128994324,Oeste,47.60260871005676,2025,9
1760,2025-10-26,5044,Beleza,320.03,208.59257226792025,Centro-Oeste,111.43742773207973,2025,10
1761,2025-03-07,5428,Esportes,192.44,133.66382264685697,Oeste,58.77617735314303,2025,3
1762,2025-10-24,5124,Moda,262.2,171.03063745535945,Leste,91.16936254464053,2025,10
1763,2025-09-16,5260,Eletrônicos,506.01,313.983168194508,Leste,192.026831805492,2025,9
1764,2025-10-25,5258,Beleza,240.39,146.22417094051414,Norte,94.16582905948584,2025,10
1765,2025-01-13,5109,Eletrônicos,364.93,227.72768755935024,Sul,137.20231244064976,2025,1
1766,2025-03-30,5129,Eletrônicos,179.68,113.59176702341904,Oeste,66.08823297658097,2025,3
1767,2025-08-07,5246,Eletrônicos,246.5,168.75471358748908,Centro-Oeste,77.74528641251092,2025,8
1768,2025-05-27,5200,Esportes,427.08,265.3685709378383,Leste,161.7114290621617,2025,5
1769,2025-12-08,5023,Eletrônicos,187.3,122.99602403392244,Centro-Oeste,64.30397596607757,2025,12
1770,2025-06-29,5141,Beleza,431.24,271.5014268802023,Centro-Oeste,159.7385731197977,2025,6
1771,2025-06-11,5053,Moda,320.78,202.68601223186224,Leste,118.09398776813774,2025,6
1772,2025-03-15,5431,Casa,193.75,134.72525520215376,Centro-Oeste,59.02474479784624,2025,3
1773,2025-06-06,5345,Beleza,313.24,194.8307531913277,Sul,118.40924680867232,2025,6
1774,2025-05-13,5117,Esportes,347.26,219.3290372761862,Leste,127.93096272381379,2025,5
1775,2025-11-24,5083,Moda,312.18,193.59564707150972,Centro-Oeste,118.58435292849029,2025,11
1776,2025-06-15,5171,Esportes,92.98,59.18788744389647,Sul,33.79211255610353,2025,6
1777,2025-01-23,5476,Eletrônicos,177.29,113.31515454547358,Oeste,63.97484545452642,2025,1
1778,2025-12-26,5232,Moda,225.25,144.96481601475796,Sul,80.28518398524204,2025,12
1779,2025-06-17,5410,Moda,242.56,153.3894888774137,Norte,89.1705111225863,2025,6
1780,2025-07-06,5224,Beleza,312.07,193.7798951006307,Leste,118.29010489936928,2025,7
1781,2025-07-28,5165,Moda,267.77,163.63041268164082,Sul,104.13958731835916,2025,7
1782,2025-02-16,5252,Eletrônicos,116.47,79.46647213685651,Norte,37.00352786314349,2025,2
1783,2025-05-27,5266,Esportes,288.02,175.28839812984498,Sul,112.731601870155,2025,5
1784,2025-04-14,5073,Beleza,311.06,200.436279818448,Sul,110.62372018155199,2025,4
1785,2025-01-31,5024,Casa,305.98,194.0001987646725,Oeste,111.97980123532753,2025,1
1786,2025-11-04,5060,Esportes,358.08,217.5602425026753,Centro-Oeste,140.5197574973247,2025,11
1787,2025-05-22,5497,Moda,333.39,208.48795461475063,Oeste,124.90204538524935,2025,5
1788,2025-11-20,5227,Eletrônicos,295.92,183.79121797204704,Oeste,112.12878202795298,2025,11
1789,2025-04-13,5478,Eletrônicos,242.98,157.38387255209588,Sul,85.59612744790411,2025,4
1790,2025-08-23,5025,Moda,83.9,67.04225223011572,Leste,16.857747769884284,2025,8
1791,2025-06-12,5187,Casa,292.96,176.40013765177127,Sul,116.5598623482287,2025,6
1792,2025-12-08,5211,Eletrônicos,270.77,173.03713039573708,Oeste,97.7328696042629,2025,12
1793,2025-07-05,5275,Moda,277.16,175.4953360221668,Sul,101.66466397783321,2025,7
1794,2025-01-07,5034,Esportes,122.33,86.75470038225232,Oeste,35.575299617747675,2025,1
1795,2025-02-27,5198,Eletrônicos,141.89,96.19998314118844,Sul,45.690016858811546,2025,2
1796,2025-08-01,5471,Beleza,355.32,219.43215334130588,Centro-Oeste,135.88784665869412,2025,8
1797,2025-01-22,5391,Beleza,246.04,156.0287303216669,Leste,90.0112696783331,2025,1
1798,2025-10-04,5039,Esportes,318.15,196.90987071598252,Centro-Oeste,121.24012928401746,2025,10
1799,2025-10-18,5494,Moda,252.83,167.078035692993,Sul,85.751964307007,2025,10
1800,2025-03-04,5324,Moda,252.98,161.89455824335968,Norte,91.08544175664031,2025,3
1801,2025-06-08,5069,Casa,343.83,225.803953428765,Oeste,118.02604657123499,2025,6
1802,2025-03-22,5378,Esportes,198.4,128.73669593092689,Sul,69.66330406907312,2025,3
1803,2025-06-11,5275,Esportes,259.61,162.22396616544768,Centro-Oeste,97.38603383455234,2025,6
1804,2025-05-21,5095,Eletrônicos,203.77,124.69342803693588,Oeste,79.07657196306413,2025,5
1805,2025-08-18,5159,Casa,206.55,124.91430161872027,Centro-Oeste,81.63569838127974,2025,8
1806,2025-01-01,5400,Beleza,219.08,133.52732028497255,Centro-Oeste,85.55267971502747,2025,1
1807,2025-06-19,5130,Beleza,272.21,174.6616332550574,Oeste,97.54836674494257,2025,6
1808,2025-02-03,5494,Moda,202.13,133.82162511614968,Sul,68.30837488385032,2025,2
1809,2025-02-10,5046,Beleza,375.58,227.44204648983933,Leste,148.13795351016066,2025,2
1810,2025-06-04,5424,Moda,160.54,110.79919157038056,Oeste,49.740808429619435,2025,6
1811,2025-04-20,5267,Esportes,231.31,146.3706947415828,Norte,84.93930525841719,2025,4
1812,2025-06-17,5039,Eletrônicos,206.03,134.35196505992775,Norte,71.67803494007225,2025,6
1813,2025-09-01,5438,Eletrônicos,394.7,254.88110314127712,Sul,139.81889685872287,2025,9
1814,2025-05-18,5286,Moda,269.66,176.28019657932768,Oeste,93.37980342067235,2025,5
1815,2025-10-20,5271,Beleza,353.18,220.5653467604708,Leste,132.61465323952922,2025,10
1816,2025-06-14,5189,Moda,101.44,66.40803887292356,Leste,35.03196112707644,2025,6
1817,2025-06-05,5437,Moda,276.71,165.26692299335346,Oeste,111.44307700664652,2025,6
1818,2025-03-15,5028,Moda,338.96,209.7802334037879,Oeste,129.1797665962121,2025,3
1819,2025-11-27,5106,Esportes,258.23,163.88234880586154,Oeste,94.34765119413848,2025,11
1820,2025-09-26,5344,Eletrônicos,356.55,218.9941023642441,Sul,137.5558976357559,2025,9
1821,2025-10-19,5049,Eletrônicos,198.27,128.30571516453847,Leste,69.96428483546154,2025,10
1822,2025-08-30,5065,Beleza,390.93,244.94225941479385,Norte,145.98774058520615,2025,8
1823,2025-10-29,5288,Eletrônicos,479.89,296.8097200909596,Oeste,183.08027990904037,2025,10
1824,2025-09-11,5433,Moda,213.72,134.9819870958827,Oeste,78.73801290411731,2025,9
1825,2025-01-12,5427,Esportes,205.45,134.1132733598336,Centro-Oeste,71.33672664016638,2025,1
1826,2025-09-19,5257,Moda,395.34,249.41370324784705,Sul,145.92629675215292,2025,9
1827,2025-12-30,5151,Casa,407.96,249.32400461278576,Centro-Oeste,158.63599538721422,2025,12
1828,2025-03-26,5243,Moda,197.71,135.68066189873136,Norte,62.02933810126865,2025,3
1829,2025-09-23,5210,Eletrônicos,207.98,134.29505933857868,Norte,73.68494066142131,2025,9
1830,2025-11-05,5194,Moda,221.82,143.1862481147242,Leste,78.63375188527579,2025,11
1831,2025-07-14,5213,Moda,115.55,82.87107211628279,Leste,32.67892788371721,2025,7
1832,2025-09-30,5093,Esportes,158.13,106.0440806563175,Centro-Oeste,52.08591934368249,2025,9
1833,2025-07-01,5093,Eletrônicos,149.59,104.51968316956624,Leste,45.07031683043377,2025,7
1834,2025-03-12,5098,Casa,173.22,115.36762082600912,Oeste,57.85237917399088,2025,3
1835,2025-06-03,5240,Casa,246.53,154.8558131267978,Centro-Oeste,91.67418687320219,2025,6
1836,2025-03-09,5271,Beleza,273.42,175.8595176260305,Oeste,97.5604823739695,2025,3
1837,2025-06-14,5252,Eletrônicos,405.05,247.3113689633967,Sul,157.73863103660332,2025,6
1838,2025-10-01,5417,Beleza,150.16,100.6387985288826,Norte,49.521201471117394,2025,10
1839,2025-02-01,5114,Beleza,348.43,218.89185004677768,Sul,129.53814995322233,2025,2
1840,2025-07-12,5266,Beleza,228.6,146.1194157136373,Leste,82.4805842863627,2025,7
1841,2025-01-22,5240,Eletrônicos,245.05,156.38731244280535,Norte,88.66268755719466,2025,1
1842,2025-08-30,5207,Beleza,317.48,191.0787547725118,Leste,126.40124522748823,2025,8
1843,2025-06-30,5346,Esportes,137.73,89.89437546129518,Sul,47.835624538704806,2025,6
1844,2025-03-06,5299,Moda,288.24,183.4082245057056,Leste,104.83177549429442,2025,3
1845,2025-08-30,5293,Casa,266.65,170.789281959987,Oeste,95.86071804001298,2025,8
1846,2025-05-13,5061,Moda,299.25,184.4116242953702,Centro-Oeste,114.83837570462981,2025,5
1847,2025-05-15,5413,Eletrônicos,278.92,183.6805392043235,Norte,95.23946079567651,2025,5
1848,2025-05-08,5259,Moda,495.53,302.9871257589275,Leste,192.54287424107247,2025,5
1849,2025-07-22,5106,Esportes,186.23,126.58528600263368,Sul,59.64471399736631,2025,7
1850,2025-08-24,5473,Esportes,196.9,130.27597180935842,Norte,66.62402819064158,2025,8
1851,2025-05-23,5179,Casa,187.69,119.38286345078096,Norte,68.30713654921904,2025,5
1852,2025-04-21,5122,Beleza,194.45,135.54655446304756,Norte,58.90344553695243,2025,4
1853,2025-09-22,5231,Eletrônicos,186.26,115.78781584121758,Leste,70.47218415878241,2025,9
1854,2026-01-01,5458,Beleza,368.9,235.93577086805,Centro-Oeste,132.96422913194996,2026,1
1855,2025-11-27,5304,Beleza,392.05,250.23291159021488,Sul,141.81708840978513,2025,11
1856,2025-11-02,5493,Casa,192.93,122.40489895461675,Oeste,70.52510104538325,2025,11
1857,2025-05-24,5342,Esportes,166.76,117.01832650032163,Leste,49.741673499678356,2025,5
1858,2025-04-22,5222,Moda,297.14,187.0337674270052,Oeste,110.1062325729948,2025,4
1859,2025-11-27,5214,Casa,194.78,128.31146814639928,Norte,66.46853185360072,2025,11
1860,2025-03-24,5340,Esportes,313.29,199.27560919385613,Centro-Oeste,114.0143908061439,2025,3
1861,2025-09-07,5073,Eletrônicos,270.29,171.50245629264725,Oeste,98.78754370735277,2025,9
1862,2025-10-22,5349,Casa,98.43,73.11204136579892,Sul,25.31795863420109,2025,10
1863,2025-08-26,5359,Casa,404.75,256.81744360276105,Norte,147.93255639723895,2025,8
1864,2025-07-22,5033,Eletrônicos,429.59,259.0113401338091,Leste,170.5786598661909,2025,7
1865,2025-08-20,5339,Esportes,188.72,129.75370121439076,Oeste,58.96629878560924,2025,8
1866,2025-05-23,5124,Eletrônicos,211.23,128.42554005982163,Oeste,82.80445994017836,2025,5
1867,2025-12-30,5398,Moda,278.59,182.31673102170825,Centro-Oeste,96.27326897829172,2025,12
1868,2025-04-07,5203,Esportes,283.45,185.7035256841379,Oeste,97.74647431586209,2025,4
1869,2025-06-09,5239,Beleza,315.85,194.055167848924,Leste,121.79483215107604,2025,6
1870,2025-01-08,5181,Esportes,451.02,278.557928560227,Centro-Oeste,172.46207143977296,2025,1
1871,2025-05-09,5419,Eletrônicos,232.31,143.85747665757032,Leste,88.45252334242969,2025,5
1872,2025-11-09,5304,Beleza,170.17,111.02739484855633,Centro-Oeste,59.14260515144366,2025,11
1873,2025-05-21,5447,Esportes,112.07,75.70182857907129,Leste,36.368171420928704,2025,5
1874,2025-08-18,5092,Beleza,176.91,120.0443026613467,Sul,56.86569733865329,2025,8
1875,2025-06-01,5308,Esportes,246.69,164.56554373059802,Leste,82.12445626940197,2025,6
1876,2025-05-17,5130,Moda,429.46,274.65441905394977,Sul,154.8055809460502,2025,5
1877,2025-04-08,5010,Beleza,198.24,126.13315986710847,Oeste,72.10684013289153,2025,4
1878,2025-12-11,5206,Moda,272.38,172.38189063127737,Sul,99.99810936872262,2025,12
1879,2025-05-24,5289,Eletrônicos,248.36,150.59880903889524,Leste,97.76119096110477,2025,5
1880,2025-07-08,5261,Esportes,368.84,227.27464966751904,Sul,141.56535033248093,2025,7
1881,2025-01-05,5171,Beleza,502.69,316.43825816548724,Oeste,186.25174183451276,2025,1
1882,2025-07-11,5402,Esportes,196.91,136.22391411774117,Norte,60.68608588225882,2025,7
1883,2025-08-31,5037,Casa,201.06,124.46425564060038,Norte,76.59574435939962,2025,8
1884,2025-07-24,5451,Eletrônicos,354.42,219.68967870423555,Sul,134.73032129576447,2025,7
1885,2025-08-03,5324,Beleza,318.19,200.78197121520532,Oeste,117.40802878479468,2025,8
1886,2025-02-03,5195,Moda,434.67,272.202805794098,Leste,162.467194205902,2025,2
1887,2025-08-19,5194,Eletrônicos,308.39,190.98598240039172,Sul,117.40401759960827,2025,8
1888,2025-03-08,5339,Moda,214.07,140.56230522232042,Centro-Oeste,73.50769477767957,2025,3
1889,2025-02-22,5069,Casa,309.07,193.0728032646454,Leste,115.9971967353546,2025,2
1890,2025-07-24,5351,Esportes,360.87,226.4497386456086,Centro-Oeste,134.4202613543914,2025,7
1891,2025-12-20,5456,Beleza,332.05,211.9614212400185,Norte,120.08857875998152,2025,12
1892,2025-11-11,5337,Esportes,300.73,190.47011134905472,Sul,110.2598886509453,2025,11
1893,2025-07-14,5128,Casa,356.67,221.82007054736715,Sul,134.84992945263286,2025,7
1894,2025-11-16,5147,Esportes,366.93,229.60995098037083,Leste,137.32004901962918,2025,11
1895,2025-12-04,5128,Eletrônicos,388.22,242.4901852039733,Centro-Oeste,145.72981479602672,2025,12
1896,2025-08-11,5292,Esportes,314.87,197.07194485058932,Centro-Oeste,117.79805514941069,2025,8
1897,2025-06-15,5125,Casa,233.29,148.68001968666448,Norte,84.60998031333551,2025,6
1898,2025-06-21,5463,Moda,264.67,176.79523585252358,Sul,87.87476414747644,2025,6
1899,2025-08-25,5384,Esportes,370.65,235.19459723970616,Oeste,135.45540276029382,2025,8
1900,2025-11-02,5472,Moda,168.31,109.5085984098542,Sul,58.8014015901458,2025,11
1901,2025-02-02,5443,Casa,286.87,185.60677202255368,Oeste,101.26322797744632,2025,2
1902,2025-01-13,5379,Esportes,210.67,134.73290255121992,Sul,75.93709744878007,2025,1
1903,2025-03-15,5432,Moda,252.87,167.58762318793322,Leste,85.28237681206679,2025,3
1904,2025-11-23,5218,Casa,377.85,238.5582109609905,Sul,139.29178903900953,2025,11
1905,2025-10-14,5418,Esportes,269.11,170.92948927997887,Leste,98.18051072002115,2025,10
1906,2025-10-08,5382,Casa,254.64,165.02258462905138,Oeste,89.6174153709486,2025,10
1907,2025-01-21,5338,Beleza,114.01,70.55161923965751,Sul,43.45838076034249,2025,1
1908,2025-10-30,5263,Esportes,324.63,199.14416265545097,Sul,125.48583734454903,2025,10
1909,2025-02-20,5123,Esportes,314.55,192.76037496800475,Norte,121.78962503199526,2025,2
1910,2025-04-26,5038,Eletrônicos,466.33,290.51271547381856,Norte,175.81728452618142,2025,4
1911,2025-06-06,5328,Moda,219.22,150.19457499742543,Centro-Oeste,69.02542500257456,2025,6
1912,2025-08-23,5071,Casa,271.92,184.3085007309632,Centro-Oeste,87.61149926903681,2025,8
1913,2025-03-10,5483,Eletrônicos,274.94,178.15425550720377,Leste,96.78574449279623,2025,3
1914,2025-10-01,5243,Eletrônicos,407.75,257.1542223747223,Sul,150.59577762527772,2025,10
1915,2025-05-20,5052,Beleza,240.47,145.2767113292363,Centro-Oeste,95.1932886707637,2025,5
1916,2025-09-20,5176,Beleza,277.9,174.02663100132986,Centro-Oeste,103.87336899867012,2025,9
1917,2025-03-14,5414,Moda,310.79,192.5350812404588,Oeste,118.25491875954123,2025,3
1918,2025-05-01,5144,Esportes,268.66,168.0917620087444,Norte,100.56823799125561,2025,5
1919,2025-02-24,5415,Moda,205.36,132.37528090707605,Sul,72.98471909292397,2025,2
1920,2025-10-09,5435,Esportes,269.41,169.28554711151438,Oeste,100.12445288848565,2025,10
1921,2025-08-31,5034,Moda,357.36,214.51950094812105,Leste,142.84049905187896,2025,8
1922,2025-08-28,5108,Beleza,147.35,102.14955128058769,Centro-Oeste,45.20044871941231,2025,8
1923,2025-04-12,5479,Moda,263.3,162.61628487130096,Oeste,100.68371512869905,2025,4
1924,2025-10-03,5346,Eletrônicos,179.99,119.19023432055576,Norte,60.79976567944425,2025,10
1925,2025-07-22,5129,Casa,369.5,242.07041334874987,Oeste,127.42958665125013,2025,7
1926,2025-03-12,5367,Eletrônicos,97.68,64.01107704206788,Centro-Oeste,33.668922957932125,2025,3
1927,2025-10-10,5020,Esportes,194.11,113.81456238626836,Centro-Oeste,80.29543761373165,2025,10
1928,2025-01-24,5398,Esportes,287.72,181.20197889059943,Oeste,106.51802110940059,2025,1
1929,2025-05-21,5324,Esportes,406.55,259.43479817499286,Oeste,147.11520182500715,2025,5
1930,2025-10-05,5012,Eletrônicos,243.42,165.84373727110295,Leste,77.57626272889704,2025,10
1931,2025-02-21,5126,Beleza,194.48,120.5402520277379,Centro-Oeste,73.93974797226208,2025,2
1932,2025-11-25,5066,Eletrônicos,438.12,275.3554961161826,Leste,162.76450388381738,2025,11
1933,2025-04-26,5421,Moda,105.2,70.79344771609973,Centro-Oeste,34.40655228390027,2025,4
1934,2025-12-25,5237,Beleza,30.12,27.54225822847932,Sul,2.5777417715206816,2025,12
1935,2025-04-07,5085,Moda,294.0,199.6217167350852,Leste,94.37828326491481,2025,4
1936,2025-07-26,5365,Casa,199.79,122.35914835802424,Leste,77.43085164197575,2025,7
1937,2025-02-23,5240,Moda,147.88,99.99669830747284,Leste,47.883301692527155,2025,2
1938,2025-03-19,5230,Moda,320.84,204.84246585882715,Leste,115.99753414117282,2025,3
1939,2025-03-31,5274,Moda,274.38,180.05693162469672,Centro-Oeste,94.32306837530328,2025,3
1940,2025-09-15,5131,Esportes,193.59,126.64391576735449,Norte,66.94608423264552,2025,9
1941,2025-09-09,5364,Beleza,121.97,84.72225269752052,Sul,37.24774730247948,2025,9
1942,2025-02-07,5377,Moda,337.25,210.39175716289105,Norte,126.85824283710895,2025,2
1943,2025-08-16,5471,Moda,315.02,200.3576347062255,Oeste,114.66236529377449,2025,8
1944,2025-10-23,5179,Beleza,240.08,152.33203862251295,Leste,87.74796137748706,2025,10
1945,2025-07-29,5051,Beleza,434.66,273.9038594492803,Oeste,160.75614055071975,2025,7
1946,2025-01-14,5097,Beleza,142.99,93.94594831978182,Sul,49.04405168021819,2025,1
1947,2025-03-31,5251,Esportes,97.45,70.35550196951093,Leste,27.094498030489078,2025,3
1948,2025-12-11,5339,Esportes,180.81,118.33968593157512,Centro-Oeste,62.470314068424884,2025,12
1949,2025-11-10,5424,Eletrônicos,245.44,162.89425125386083,Centro-Oeste,82.54574874613917,2025,11
1950,2025-05-09,5462,Casa,274.33,174.34103138205757,Norte,99.98896861794242,2025,5
1951,2025-06-15,5461,Moda,225.88,136.66283765896557,Centro-Oeste,89.21716234103442,2025,6
1952,2025-07-27,5389,Casa,285.21,187.43560750356997,Centro-Oeste,97.77439249643001,2025,7
1953,2025-09-12,5101,Eletrônicos,124.85,80.3813384956869,Oeste,44.46866150431309,2025,9
1954,2025-05-02,5128,Casa,394.38,243.3591683067559,Sul,151.0208316932441,2025,5
1955,2025-04-05,5063,Casa,241.78,152.08969352978252,Centro-Oeste,89.69030647021748,2025,4
1956,2025-05-20,5247,Moda,361.73,233.9101904658541,Leste,127.81980953414592,2025,5
1957,2025-12-14,5309,Moda,284.27,169.8836289301065,Norte,114.38637106989347,2025,12
1958,2025-12-08,5335,Moda,295.68,203.09674266829995,Leste,92.58325733170005,2025,12
1959,2025-03-30,5217,Eletrônicos,306.98,199.46828404533028,Oeste,107.51171595466974,2025,3
1960,2025-01-10,5139,Esportes,294.77,187.9781945706458,Norte,106.79180542935418,2025,1
1961,2025-09-24,5116,Moda,314.27,198.28752999691852,Centro-Oeste,115.98247000308146,2025,9
1962,2025-02-11,5066,Casa,382.92,241.1797703742883,Norte,141.74022962571172,2025,2
1963,2025-05-29,5191,Eletrônicos,269.65,174.3956121418967,Norte,95.25438785810329,2025,5
1964,2025-02-20,5002,Esportes,320.9,205.76607792975028,Centro-Oeste,115.1339220702497,2025,2
1965,2025-03-25,5263,Eletrônicos,241.03,157.39602233001725,Norte,83.63397766998276,2025,3
1966,2025-07-16,5206,Moda,394.01,246.85390340627623,Centro-Oeste,147.15609659372376,2025,7
1967,2025-12-14,5057,Esportes,182.36,118.42930789846338,Sul,63.930692101536636,2025,12
1968,2025-12-02,5008,Eletrônicos,430.09,267.29763358173244,Sul,162.79236641826753,2025,12
1969,2025-05-04,5089,Moda,245.98,156.61345859823658,Sul,89.36654140176341,2025,5
1970,2025-10-22,5419,Moda,106.92,79.82085048433532,Oeste,27.099149515664678,2025,10
1971,2025-07-26,5438,Esportes,262.81,170.65378361140432,Norte,92.15621638859568,2025,7
1972,2025-08-26,5228,Esportes,181.89,104.4320568266786,Norte,77.45794317332138,2025,8
1973,2025-10-06,5266,Eletrônicos,334.06,213.7155038826488,Norte,120.34449611735121,2025,10
1974,2025-04-09,5433,Esportes,184.74,121.81768097359388,Leste,62.92231902640613,2025,4
1975,2025-10-31,5020,Eletrônicos,205.38,133.13445621777052,Leste,72.24554378222948,2025,10
1976,2025-11-12,5495,Beleza,61.05,44.68740773455556,Centro-Oeste,16.362592265444434,2025,11
1977,2025-02-04,5082,Casa,204.77,138.48256359993007,Sul,66.28743640006994,2025,2
1978,2025-11-02,5497,Eletrônicos,7.61,19.30363231061429,Norte,-11.69363231061429,2025,11
1979,2025-05-12,5457,Eletrônicos,91.61,61.10161166088196,Centro-Oeste,30.508388339118042,2025,5
1980,2025-05-02,5141,Esportes,326.04,207.65926143562268,Norte,118.38073856437734,2025,5
1981,2025-03-03,5367,Casa,328.58,202.2897163272936,Centro-Oeste,126.29028367270638,2025,3
1982,2025-02-14,5365,Beleza,292.55,178.63190917605536,Oeste,113.91809082394465,2025,2
1983,2025-09-23,5076,Beleza,153.3,98.84641387705018,Leste,54.45358612294983,2025,9
1984,2025-09-07,5165,Casa,245.23,161.44996736191376,Oeste,83.78003263808623,2025,9
1985,2025-12-02,5155,Moda,249.64,164.54962522688044,Sul,85.09037477311955,2025,12
1986,2025-01-22,5036,Casa,134.16,93.06142710048644,Oeste,41.098572899513556,2025,1
1987,2025-09-16,5027,Esportes,400.34,253.82947893424,Sul,146.51052106575997,2025,9
1988,2025-11-14,5226,Esportes,337.74,215.2248914355748,Norte,122.51510856442522,2025,11
1989,2026-01-01,5304,Moda,227.9,143.53259202388526,Sul,84.36740797611475,2026,1
1990,2025-11-15,5312,Esportes,252.69,163.7736127233697,Oeste,88.9163872766303,2025,11
1991,2025-10-18,5416,Esportes,270.84,176.5060476261384,Norte,94.33395237386156,2025,10
1992,2025-06-20,5350,Esportes,45.83,41.26945664906787,Leste,4.560543350932129,2025,6
1993,2025-09-30,5500,Esportes,225.28,151.11256685737322,Norte,74.16743314262678,2025,9
1994,2025-07-31,5292,Casa,181.8,122.62151923600533,Norte,59.178480763994685,2025,7
1995,2025-02-08,5388,Casa,149.84,101.66124103770792,Sul,48.17875896229208,2025,2
1996,2025-07-10,5323,Moda,221.89,148.48475119158212,Sul,73.40524880841787,2025,7
1997,2025-05-22,5025,Beleza,429.77,267.7293937037547,Sul,162.0406062962453,2025,5
1998,2025-01-01,5230,Esportes,314.08,194.03862674386136,Oeste,120.04137325613863,2025,1
1999,2025-11-17,5076,Beleza,192.88,124.91266518028118,Norte,67.96733481971881,2025,11
2000,2025-05-10,5000,Eletrônicos,307.26,190.63148677596772,Norte,116.62851322403228,2025,5
